"outcome_key","variable","variable_label","chi_sq","df","p_value","cramers_v","significant"
"birth_before18","age_group","Age group",38.47,4,8.98e-08,0.067,"Yes"
"birth_before18","province","Province",77.2,8,1.78e-13,0.095,"Yes"
"birth_before18","residence","Urban or rural residence",27.08,1,1.95e-07,0.057,"Yes"
"birth_before18","ethnicity","Ethnicity",45.14,2,1.58e-10,0.073,"Yes"
"birth_before18","hh_head_sex","Sex of household head",0.73,1,0.392,0.01,"No"
"birth_before18","education","Highest education level",180.72,3,6.18e-39,0.146,"Yes"
"birth_before18","literacy","Literacy",71.2,2,3.46e-16,0.091,"Yes"
"birth_before18","wealth_index","Wealth index (3 groups)",105.63,2,1.16e-23,0.111,"Yes"
"birth_before18","currently_working","Currently working",1.48,1,0.223,0.014,"No"
"birth_before18","occupation","Occupation",61.37,8,2.51e-10,0.085,"Yes"
"birth_before18","marital_status","Marital status",73.26,3,8.54e-16,0.093,"Yes"
"birth_before18","ever_used_fp","Ever used family planning",82.92,1,8.54e-20,0.099,"Yes"
"birth_before18","unmet_need","Unmet need for contraception",180.6,4,5.54e-38,0.146,"Yes"
"birth_before18","reads_newspaper","Reads newspaper",53.16,2,2.86e-12,0.079,"Yes"
"birth_before18","listens_radio","Listens to radio",27.04,2,1.34e-06,0.056,"Yes"
"birth_before18","watches_tv","Watches TV",25.97,2,2.3e-06,0.055,"Yes"
"birth_before18","owns_mobile","Owns mobile phone",0.01,1,0.925,0.002,"No"
"birth_before18","uses_internet","Uses internet",109.12,2,2.02e-24,0.113,"Yes"
"birth_before18","heard_fp_radio","Heard FP on radio",0.83,1,0.362,0.01,"No"
"birth_before18","heard_fp_tv","Heard FP on TV",2.88,1,0.0899,0.019,"No"
"birth_before18","heard_fp_paper","Heard FP in newspaper",13.61,1,0.000225,0.04,"Yes"
"birth_before18","consumes_media","Media exposure",15.57,1,7.96e-05,0.043,"Yes"
"birth_before18","heard_fp_from_media","Heard about family planning in media",1.41,1,0.235,0.013,"No"
"birth_after34","age_group","Age group",145.22,1,1.92e-33,0.224,"Yes"
"birth_after34","province","Province",13.03,8,0.111,0.067,"No"
"birth_after34","residence","Urban or rural residence",16.84,1,4.06e-05,0.077,"Yes"
"birth_after34","ethnicity","Ethnicity",20.3,2,3.91e-05,0.084,"Yes"
"birth_after34","hh_head_sex","Sex of household head",0.66,1,0.418,0.016,"No"
"birth_after34","education","Highest education level",21.55,3,8.1e-05,0.086,"Yes"
"birth_after34","literacy","Literacy",12.51,2,0.00193,0.066,"Yes"
"birth_after34","wealth_index","Wealth index (3 groups)",35.1,2,2.38e-08,0.11,"Yes"
"birth_after34","currently_working","Currently working",9.88,1,0.00167,0.059,"Yes"
"birth_after34","occupation","Occupation",24.34,8,0.00201,0.091,"Yes"
"birth_after34","marital_status","Marital status",11.08,3,0.0113,0.062,"Yes"
"birth_after34","ever_used_fp","Ever used family planning",23.32,1,1.37e-06,0.09,"Yes"
"birth_after34","unmet_need","Unmet need for contraception",76.55,4,9.37e-16,0.162,"Yes"
"birth_after34","reads_newspaper","Reads newspaper",20.23,2,4.05e-05,0.083,"Yes"
"birth_after34","listens_radio","Listens to radio",19.48,2,5.9e-05,0.082,"Yes"
"birth_after34","watches_tv","Watches TV",8.31,2,0.0157,0.053,"Yes"
"birth_after34","owns_mobile","Owns mobile phone",12.56,1,0.000393,0.067,"Yes"
"birth_after34","uses_internet","Uses internet",38.96,2,3.47e-09,0.116,"Yes"
"birth_after34","heard_fp_radio","Heard FP on radio",0.57,1,0.452,0.015,"No"
"birth_after34","heard_fp_tv","Heard FP on TV",1.87,1,0.172,0.026,"No"
"birth_after34","heard_fp_paper","Heard FP in newspaper",6.06,1,0.0138,0.046,"Yes"
"birth_after34","consumes_media","Media exposure",8.08,1,0.00448,0.054,"Yes"
"birth_after34","heard_fp_from_media","Heard about family planning in media",3,1,0.083,0.033,"No"
"short_interval","age_group","Age group",415.08,4,1.54e-88,0.221,"Yes"
"short_interval","province","Province",41.2,8,1.91e-06,0.07,"Yes"
"short_interval","residence","Urban or rural residence",36.35,1,1.65e-09,0.066,"Yes"
"short_interval","ethnicity","Ethnicity",11.85,2,0.00267,0.037,"Yes"
"short_interval","hh_head_sex","Sex of household head",4.27,1,0.0387,0.023,"Yes"
"short_interval","education","Highest education level",158.95,3,3.09e-34,0.137,"Yes"
"short_interval","literacy","Literacy",101.06,2,1.13e-22,0.109,"Yes"
"short_interval","wealth_index","Wealth index (3 groups)",46.04,2,1.01e-10,0.074,"Yes"
"short_interval","currently_working","Currently working",11.83,1,0.000584,0.038,"Yes"
"short_interval","occupation","Occupation",40.12,8,3.04e-06,0.069,"Yes"
"short_interval","marital_status","Marital status",276,3,1.55e-59,0.18,"Yes"
"short_interval","ever_used_fp","Ever used family planning",59.63,1,1.14e-14,0.084,"Yes"
"short_interval","unmet_need","Unmet need for contraception",277.33,4,8.37e-59,0.18,"Yes"
"short_interval","reads_newspaper","Reads newspaper",35.21,2,2.26e-08,0.064,"Yes"
"short_interval","listens_radio","Listens to radio",12.66,2,0.00178,0.039,"Yes"
"short_interval","watches_tv","Watches TV",21.55,2,2.1e-05,0.05,"Yes"
"short_interval","owns_mobile","Owns mobile phone",3.78,1,0.0519,0.022,"No"
"short_interval","uses_internet","Uses internet",116.16,2,5.99e-26,0.117,"Yes"
"short_interval","heard_fp_radio","Heard FP on radio",0.02,1,0.899,0.002,"No"
"short_interval","heard_fp_tv","Heard FP on TV",5.42,1,0.0199,0.026,"Yes"
"short_interval","heard_fp_paper","Heard FP in newspaper",9.24,1,0.00237,0.033,"Yes"
"short_interval","consumes_media","Media exposure",29.83,1,4.71e-08,0.06,"Yes"
"short_interval","heard_fp_from_media","Heard about family planning in media",3.75,1,0.0528,0.021,"No"
"high_parity","age_group","Age group",1301.81,4,1.35e-280,0.391,"Yes"
"high_parity","province","Province",49.63,8,4.81e-08,0.076,"Yes"
"high_parity","residence","Urban or rural residence",60.05,1,9.26e-15,0.084,"Yes"
"high_parity","ethnicity","Ethnicity",27.07,2,1.32e-06,0.056,"Yes"
"high_parity","hh_head_sex","Sex of household head",1.65,1,0.199,0.014,"No"
"high_parity","education","Highest education level",584.97,3,1.82e-126,0.262,"Yes"
"high_parity","literacy","Literacy",291.23,2,5.76e-64,0.185,"Yes"
"high_parity","wealth_index","Wealth index (3 groups)",123.95,2,1.21e-27,0.121,"Yes"
"high_parity","currently_working","Currently working",8.63,1,0.00331,0.032,"Yes"
"high_parity","occupation","Occupation",110.27,8,3.35e-20,0.114,"Yes"
"high_parity","marital_status","Marital status",572.29,3,1.02e-123,0.259,"Yes"
"high_parity","ever_used_fp","Ever used family planning",33.96,1,5.62e-09,0.064,"Yes"
"high_parity","unmet_need","Unmet need for contraception",506.42,4,2.74e-108,0.244,"Yes"
"high_parity","reads_newspaper","Reads newspaper",162.75,2,4.56e-36,0.138,"Yes"
"high_parity","listens_radio","Listens to radio",36.27,2,1.33e-08,0.065,"Yes"
"high_parity","watches_tv","Watches TV",52.96,2,3.16e-12,0.079,"Yes"
"high_parity","owns_mobile","Owns mobile phone",4.62,1,0.0315,0.024,"Yes"
"high_parity","uses_internet","Uses internet",437.09,2,1.22e-95,0.227,"Yes"
"high_parity","heard_fp_radio","Heard FP on radio",0.65,1,0.419,0.009,"No"
"high_parity","heard_fp_tv","Heard FP on TV",21.73,1,3.14e-06,0.051,"Yes"
"high_parity","heard_fp_paper","Heard FP in newspaper",54.36,1,1.67e-13,0.08,"Yes"
"high_parity","consumes_media","Media exposure",66.01,1,4.49e-16,0.089,"Yes"
"high_parity","heard_fp_from_media","Heard about family planning in media",22.56,1,2.04e-06,0.052,"Yes"
