"outcome_key","outcome_label","variable","variable_label","level","level_label","term_label","reference_level","odds_ratio","ci_lower","ci_upper","p_value"
"birth_before18","First birth before 18","age_group","Age group","25_to_29","25 to 29","Age group: 25 to 29","less_than_24",1.13,0.94,1.359,0.194
"birth_before18","First birth before 18","age_group","Age group","30_to_34","30 to 34","Age group: 30 to 34","less_than_24",0.791,0.643,0.974,0.0273
"birth_before18","First birth before 18","age_group","Age group","35_to_39","35 to 39","Age group: 35 to 39","less_than_24",0.867,0.694,1.083,0.21
"birth_before18","First birth before 18","age_group","Age group","40_and_higher","40 and higher","Age group: 40 and higher","less_than_24",1.017,0.832,1.243,0.87
"birth_before18","First birth before 18","province","Province","Eastern_Cape","Eastern Cape","Province: Eastern Cape","Western_Cape",1.115,0.803,1.548,0.516
"birth_before18","First birth before 18","province","Province","Northern_Cape","Northern Cape","Province: Northern Cape","Western_Cape",1.073,0.773,1.489,0.673
"birth_before18","First birth before 18","province","Province","Free_State","Free State","Province: Free State","Western_Cape",0.916,0.643,1.305,0.627
"birth_before18","First birth before 18","province","Province","Kwazulu_Natal","Kwazulu Natal","Province: Kwazulu Natal","Western_Cape",1.207,0.867,1.682,0.265
"birth_before18","First birth before 18","province","Province","North_West","North West","Province: North West","Western_Cape",1.115,0.793,1.569,0.532
"birth_before18","First birth before 18","province","Province","Gauteng","Gauteng","Province: Gauteng","Western_Cape",1.264,0.897,1.782,0.181
"birth_before18","First birth before 18","province","Province","Mpumalanga","Mpumalanga","Province: Mpumalanga","Western_Cape",1.87,1.348,2.592,0.000175
"birth_before18","First birth before 18","province","Province","Limpopo","Limpopo","Province: Limpopo","Western_Cape",1.195,0.848,1.684,0.309
"birth_before18","First birth before 18","residence","Urban or rural residence","Rural","Rural","Urban or rural residence: Rural","Urban",0.956,0.82,1.115,0.566
"birth_before18","First birth before 18","ethnicity","Ethnicity","Coloured","Coloured","Ethnicity: Coloured","Black_or_African",0.912,0.694,1.197,0.505
"birth_before18","First birth before 18","ethnicity","Ethnicity","White_or_Other","White or Other","Ethnicity: White or Other","Black_or_African",0.319,0.179,0.569,0.000108
"birth_before18","First birth before 18","hh_head_sex","Sex of household head","Female","Female","Sex of household head: Female","Male",1.059,0.922,1.217,0.417
"birth_before18","First birth before 18","education","Highest education level","Primary","Primary","Highest education level: Primary","No_education",1.362,0.907,2.046,0.136
"birth_before18","First birth before 18","education","Highest education level","Secondary","Secondary","Highest education level: Secondary","No_education",0.804,0.531,1.218,0.303
"birth_before18","First birth before 18","education","Highest education level","Higher","Higher","Highest education level: Higher","No_education",0.292,0.176,0.484,1.81e-06
"birth_before18","First birth before 18","literacy","Literacy","Reads_partially","Reads partially","Literacy: Reads partially","Cannot_read",0.873,0.624,1.221,0.427
"birth_before18","First birth before 18","literacy","Literacy","Reads_fully","Reads fully","Literacy: Reads fully","Cannot_read",0.716,0.522,0.982,0.0382
"birth_before18","First birth before 18","wealth_index","Wealth index (3 groups)","Middle","Middle","Wealth index (3 groups): Middle","Poor",0.912,0.778,1.067,0.25
"birth_before18","First birth before 18","wealth_index","Wealth index (3 groups)","Rich","Rich","Wealth index (3 groups): Rich","Poor",0.705,0.587,0.848,0.000204
"birth_before18","First birth before 18","marital_status","Marital status","Living_with_partner","Living with partner","Marital status: Living with partner","Never_in_union",1.426,1.175,1.731,0.000325
"birth_before18","First birth before 18","marital_status","Marital status","Married","Married","Marital status: Married","Never_in_union",1.129,0.939,1.357,0.198
"birth_before18","First birth before 18","marital_status","Marital status","Widowed_or_Divorced_or_Separated","Widowed or Divorced or Separated","Marital status: Widowed or Divorced or Separated","Never_in_union",1.427,1.125,1.812,0.00344
"birth_before18","First birth before 18","currently_working","Currently working","Yes","Yes","Currently working: Yes","No",1.116,0.973,1.28,0.117
"birth_before18","First birth before 18","ever_used_fp","Ever used family planning","Yes","Yes","Ever used family planning: Yes","No",1.457,1.206,1.76,9.43e-05
"birth_before18","First birth before 18","unmet_need","Unmet need for contraception","Using_for_spacing","Using for spacing","Unmet need for contraception: Using for spacing","No_unmet_need",1.02,0.823,1.264,0.855
"birth_before18","First birth before 18","unmet_need","Unmet need for contraception","Using_for_limiting","Using for limiting","Unmet need for contraception: Using for limiting","No_unmet_need",1.749,1.453,2.104,3.34e-09
"birth_before18","First birth before 18","unmet_need","Unmet need for contraception","Unmet_need_for_spacing","Unmet need for spacing","Unmet need for contraception: Unmet need for spacing","No_unmet_need",0.954,0.708,1.284,0.754
"birth_before18","First birth before 18","unmet_need","Unmet need for contraception","Unmet_need_for_limiting","Unmet need for limiting","Unmet need for contraception: Unmet need for limiting","No_unmet_need",2.092,1.651,2.652,1.03e-09
"birth_before18","First birth before 18","consumes_media","Media exposure","Yes","Yes","Media exposure: Yes","No",0.953,0.778,1.168,0.646
"birth_before18","First birth before 18","heard_fp_from_media","Heard about family planning in media","Yes","Yes","Heard about family planning in media: Yes","No",1.113,0.979,1.265,0.101
"birth_after34","Birth after age 34","age_group","Age group","40_and_higher","40 and higher","Age group: 40 and higher","35_to_39",3.831,3.108,4.723,2.67e-36
"birth_after34","Birth after age 34","residence","Urban or rural residence","Rural","Rural","Urban or rural residence: Rural","Urban",1.004,0.804,1.253,0.971
"birth_after34","Birth after age 34","wealth_index","Wealth index (3 groups)","Middle","Middle","Wealth index (3 groups): Middle","Poor",0.662,0.521,0.841,0.000747
"birth_after34","Birth after age 34","wealth_index","Wealth index (3 groups)","Rich","Rich","Wealth index (3 groups): Rich","Poor",0.543,0.423,0.697,1.54e-06
"birth_after34","Birth after age 34","currently_working","Currently working","Yes","Yes","Currently working: Yes","No",0.766,0.641,0.916,0.0035
"birth_after34","Birth after age 34","ever_used_fp","Ever used family planning","Yes","Yes","Ever used family planning: Yes","No",1.418,1.106,1.818,0.0059
"birth_after34","Birth after age 34","unmet_need","Unmet need for contraception","Using_for_spacing","Using for spacing","Unmet need for contraception: Using for spacing","No_unmet_need",1.152,0.748,1.775,0.521
"birth_after34","Birth after age 34","unmet_need","Unmet need for contraception","Using_for_limiting","Using for limiting","Unmet need for contraception: Using for limiting","No_unmet_need",1.879,1.469,2.402,4.9e-07
"birth_after34","Birth after age 34","unmet_need","Unmet need for contraception","Unmet_need_for_spacing","Unmet need for spacing","Unmet need for contraception: Unmet need for spacing","No_unmet_need",1.951,1.044,3.647,0.0362
"birth_after34","Birth after age 34","unmet_need","Unmet need for contraception","Unmet_need_for_limiting","Unmet need for limiting","Unmet need for contraception: Unmet need for limiting","No_unmet_need",2.755,2.02,3.756,1.51e-10
"short_interval","Short birth interval (<24 months)","age_group","Age group","25_to_29","25 to 29","Age group: 25 to 29","less_than_24",3.23,2.37,4.401,1.12e-13
"short_interval","Short birth interval (<24 months)","age_group","Age group","30_to_34","30 to 34","Age group: 30 to 34","less_than_24",3.34,2.438,4.576,5.98e-14
"short_interval","Short birth interval (<24 months)","age_group","Age group","35_to_39","35 to 39","Age group: 35 to 39","less_than_24",4.549,3.306,6.259,1.4e-20
"short_interval","Short birth interval (<24 months)","age_group","Age group","40_and_higher","40 and higher","Age group: 40 and higher","less_than_24",5.817,4.298,7.873,4.14e-30
"short_interval","Short birth interval (<24 months)","province","Province","Eastern_Cape","Eastern Cape","Province: Eastern Cape","Western_Cape",1.152,0.761,1.743,0.503
"short_interval","Short birth interval (<24 months)","province","Province","Northern_Cape","Northern Cape","Province: Northern Cape","Western_Cape",0.688,0.444,1.069,0.0961
"short_interval","Short birth interval (<24 months)","province","Province","Free_State","Free State","Province: Free State","Western_Cape",0.909,0.581,1.422,0.676
"short_interval","Short birth interval (<24 months)","province","Province","Kwazulu_Natal","Kwazulu Natal","Province: Kwazulu Natal","Western_Cape",1.48,0.98,2.237,0.0624
"short_interval","Short birth interval (<24 months)","province","Province","North_West","North West","Province: North West","Western_Cape",1.056,0.686,1.624,0.806
"short_interval","Short birth interval (<24 months)","province","Province","Gauteng","Gauteng","Province: Gauteng","Western_Cape",1.06,0.684,1.643,0.793
"short_interval","Short birth interval (<24 months)","province","Province","Mpumalanga","Mpumalanga","Province: Mpumalanga","Western_Cape",1.508,0.994,2.287,0.0533
"short_interval","Short birth interval (<24 months)","province","Province","Limpopo","Limpopo","Province: Limpopo","Western_Cape",0.948,0.613,1.467,0.812
"short_interval","Short birth interval (<24 months)","residence","Urban or rural residence","Rural","Rural","Urban or rural residence: Rural","Urban",1.209,0.99,1.477,0.0628
"short_interval","Short birth interval (<24 months)","ethnicity","Ethnicity","Coloured","Coloured","Ethnicity: Coloured","Black_or_African",0.888,0.617,1.28,0.525
"short_interval","Short birth interval (<24 months)","ethnicity","Ethnicity","White_or_Other","White or Other","Ethnicity: White or Other","Black_or_African",1.346,0.905,2.002,0.142
"short_interval","Short birth interval (<24 months)","hh_head_sex","Sex of household head","Female","Female","Sex of household head: Female","Male",0.981,0.82,1.172,0.831
"short_interval","Short birth interval (<24 months)","education","Highest education level","Primary","Primary","Highest education level: Primary","No_education",0.918,0.594,1.418,0.7
"short_interval","Short birth interval (<24 months)","education","Highest education level","Secondary","Secondary","Highest education level: Secondary","No_education",0.643,0.41,1.007,0.0539
"short_interval","Short birth interval (<24 months)","education","Highest education level","Higher","Higher","Highest education level: Higher","No_education",0.535,0.316,0.905,0.0197
"short_interval","Short birth interval (<24 months)","literacy","Literacy","Reads_partially","Reads partially","Literacy: Reads partially","Cannot_read",1.169,0.791,1.728,0.432
"short_interval","Short birth interval (<24 months)","literacy","Literacy","Reads_fully","Reads fully","Literacy: Reads fully","Cannot_read",0.838,0.575,1.221,0.358
"short_interval","Short birth interval (<24 months)","wealth_index","Wealth index (3 groups)","Middle","Middle","Wealth index (3 groups): Middle","Poor",0.94,0.767,1.152,0.55
"short_interval","Short birth interval (<24 months)","wealth_index","Wealth index (3 groups)","Rich","Rich","Wealth index (3 groups): Rich","Poor",0.665,0.521,0.849,0.00108
"short_interval","Short birth interval (<24 months)","marital_status","Marital status","Living_with_partner","Living with partner","Marital status: Living with partner","Never_in_union",1.474,1.148,1.891,0.00234
"short_interval","Short birth interval (<24 months)","marital_status","Marital status","Married","Married","Marital status: Married","Never_in_union",1.862,1.504,2.306,1.23e-08
"short_interval","Short birth interval (<24 months)","marital_status","Marital status","Widowed_or_Divorced_or_Separated","Widowed or Divorced or Separated","Marital status: Widowed or Divorced or Separated","Never_in_union",2.011,1.541,2.623,2.62e-07
"short_interval","Short birth interval (<24 months)","currently_working","Currently working","Yes","Yes","Currently working: Yes","No",0.85,0.722,1.001,0.0516
"short_interval","Short birth interval (<24 months)","ever_used_fp","Ever used family planning","Yes","Yes","Ever used family planning: Yes","No",1.232,0.972,1.561,0.0847
"short_interval","Short birth interval (<24 months)","unmet_need","Unmet need for contraception","Using_for_spacing","Using for spacing","Unmet need for contraception: Using for spacing","No_unmet_need",0.906,0.671,1.224,0.521
"short_interval","Short birth interval (<24 months)","unmet_need","Unmet need for contraception","Using_for_limiting","Using for limiting","Unmet need for contraception: Using for limiting","No_unmet_need",1.945,1.554,2.435,6.42e-09
"short_interval","Short birth interval (<24 months)","unmet_need","Unmet need for contraception","Unmet_need_for_spacing","Unmet need for spacing","Unmet need for contraception: Unmet need for spacing","No_unmet_need",0.927,0.598,1.437,0.734
"short_interval","Short birth interval (<24 months)","unmet_need","Unmet need for contraception","Unmet_need_for_limiting","Unmet need for limiting","Unmet need for contraception: Unmet need for limiting","No_unmet_need",2.068,1.571,2.723,2.23e-07
"short_interval","Short birth interval (<24 months)","consumes_media","Media exposure","Yes","Yes","Media exposure: Yes","No",0.786,0.615,1.005,0.0549
"short_interval","Short birth interval (<24 months)","heard_fp_from_media","Heard about family planning in media","Yes","Yes","Heard about family planning in media: Yes","No",1.032,0.877,1.214,0.708
"high_parity","High parity (>3 children)","age_group","Age group","25_to_29","25 to 29","Age group: 25 to 29","less_than_24",10.293,4.141,25.587,5.22e-07
"high_parity","High parity (>3 children)","age_group","Age group","30_to_34","30 to 34","Age group: 30 to 34","less_than_24",37.918,15.894,90.46,2.51e-16
"high_parity","High parity (>3 children)","age_group","Age group","35_to_39","35 to 39","Age group: 35 to 39","less_than_24",79.513,33.424,189.154,4.32e-23
"high_parity","High parity (>3 children)","age_group","Age group","40_and_higher","40 and higher","Age group: 40 and higher","less_than_24",158.258,66.966,374.005,8.2e-31
"high_parity","High parity (>3 children)","province","Province","Eastern_Cape","Eastern Cape","Province: Eastern Cape","Western_Cape",1.191,0.732,1.937,0.482
"high_parity","High parity (>3 children)","province","Province","Northern_Cape","Northern Cape","Province: Northern Cape","Western_Cape",0.689,0.428,1.111,0.126
"high_parity","High parity (>3 children)","province","Province","Free_State","Free State","Province: Free State","Western_Cape",0.869,0.513,1.472,0.601
"high_parity","High parity (>3 children)","province","Province","Kwazulu_Natal","Kwazulu Natal","Province: Kwazulu Natal","Western_Cape",1.447,0.875,2.394,0.15
"high_parity","High parity (>3 children)","province","Province","North_West","North West","Province: North West","Western_Cape",1.185,0.715,1.964,0.51
"high_parity","High parity (>3 children)","province","Province","Gauteng","Gauteng","Province: Gauteng","Western_Cape",1.16,0.692,1.945,0.574
"high_parity","High parity (>3 children)","province","Province","Mpumalanga","Mpumalanga","Province: Mpumalanga","Western_Cape",2.073,1.262,3.405,0.00401
"high_parity","High parity (>3 children)","province","Province","Limpopo","Limpopo","Province: Limpopo","Western_Cape",1.559,0.939,2.587,0.0859
"high_parity","High parity (>3 children)","residence","Urban or rural residence","Rural","Rural","Urban or rural residence: Rural","Urban",1.056,0.83,1.344,0.655
"high_parity","High parity (>3 children)","ethnicity","Ethnicity","Coloured","Coloured","Ethnicity: Coloured","Black_or_African",1.412,0.957,2.085,0.0825
"high_parity","High parity (>3 children)","ethnicity","Ethnicity","White_or_Other","White or Other","Ethnicity: White or Other","Black_or_African",0.175,0.076,0.405,4.71e-05
"high_parity","High parity (>3 children)","hh_head_sex","Sex of household head","Female","Female","Sex of household head: Female","Male",1.105,0.901,1.353,0.337
"high_parity","High parity (>3 children)","education","Highest education level","Primary","Primary","Highest education level: Primary","No_education",1.366,0.875,2.13,0.17
"high_parity","High parity (>3 children)","education","Highest education level","Secondary","Secondary","Highest education level: Secondary","No_education",0.582,0.367,0.923,0.0213
"high_parity","High parity (>3 children)","education","Highest education level","Higher","Higher","Highest education level: Higher","No_education",0.351,0.197,0.628,0.00041
"high_parity","High parity (>3 children)","literacy","Literacy","Reads_partially","Reads partially","Literacy: Reads partially","Cannot_read",0.964,0.64,1.452,0.86
"high_parity","High parity (>3 children)","literacy","Literacy","Reads_fully","Reads fully","Literacy: Reads fully","Cannot_read",0.718,0.484,1.065,0.0996
"high_parity","High parity (>3 children)","wealth_index","Wealth index (3 groups)","Middle","Middle","Wealth index (3 groups): Middle","Poor",0.82,0.654,1.028,0.0852
"high_parity","High parity (>3 children)","wealth_index","Wealth index (3 groups)","Rich","Rich","Wealth index (3 groups): Rich","Poor",0.435,0.33,0.573,3.05e-09
"high_parity","High parity (>3 children)","marital_status","Marital status","Living_with_partner","Living with partner","Marital status: Living with partner","Never_in_union",2.206,1.671,2.911,2.28e-08
"high_parity","High parity (>3 children)","marital_status","Marital status","Married","Married","Marital status: Married","Never_in_union",2.56,2.022,3.242,6.09e-15
"high_parity","High parity (>3 children)","marital_status","Marital status","Widowed_or_Divorced_or_Separated","Widowed or Divorced or Separated","Marital status: Widowed or Divorced or Separated","Never_in_union",2.192,1.664,2.888,2.42e-08
"high_parity","High parity (>3 children)","currently_working","Currently working","Yes","Yes","Currently working: Yes","No",0.656,0.549,0.783,3.05e-06
"high_parity","High parity (>3 children)","ever_used_fp","Ever used family planning","Yes","Yes","Ever used family planning: Yes","No",1.16,0.902,1.493,0.247
"high_parity","High parity (>3 children)","unmet_need","Unmet need for contraception","Using_for_spacing","Using for spacing","Unmet need for contraception: Using for spacing","No_unmet_need",0.58,0.383,0.878,0.0101
"high_parity","High parity (>3 children)","unmet_need","Unmet need for contraception","Using_for_limiting","Using for limiting","Unmet need for contraception: Using for limiting","No_unmet_need",2.365,1.855,3.015,3.86e-12
"high_parity","High parity (>3 children)","unmet_need","Unmet need for contraception","Unmet_need_for_spacing","Unmet need for spacing","Unmet need for contraception: Unmet need for spacing","No_unmet_need",1.037,0.602,1.788,0.895
"high_parity","High parity (>3 children)","unmet_need","Unmet need for contraception","Unmet_need_for_limiting","Unmet need for limiting","Unmet need for contraception: Unmet need for limiting","No_unmet_need",3.335,2.505,4.44,1.57e-16
"high_parity","High parity (>3 children)","consumes_media","Media exposure","Yes","Yes","Media exposure: Yes","No",0.768,0.586,1.008,0.0567
"high_parity","High parity (>3 children)","heard_fp_from_media","Heard about family planning in media","Yes","Yes","Heard about family planning in media: Yes","No",0.91,0.76,1.09,0.307
