"variable","pct_missing","decision"
"Health insurance",50.7517030772845,"Dropped (structurally missing)"
"Partner's education",67.6885130373502,"Dropped (structurally missing)"
"Partner's age",66.631430584919,"Dropped (structurally missing)"
"Other wives",66.7606295513272,"Dropped (structurally missing)"
"Age at first cohabitation",60.3006812309138,"Dropped (structurally missing)"
"FP decision maker",82.0530890298332,"Dropped (structurally missing)"
"Decides own health care",66.7606295513272,"Dropped (structurally missing)"
"Decides family visits",66.7606295513272,"Dropped (structurally missing)"
"Decides on money",68.0291284942448,"Dropped (structurally missing)"
"Barrier: permission",50.7517030772845,"Dropped (structurally missing)"
"Barrier: money",50.7517030772845,"Dropped (structurally missing)"
"Barrier: distance",50.7517030772845,"Dropped (structurally missing)"
"Barrier: going alone",50.7517030772845,"Dropped (structurally missing)"
"Education",0,"Kept"
"Wealth index",0,"Kept"
"Marital status",0,"Kept"
"Currently working",0,"Kept"
"Ever used FP",0,"Kept"
"Unmet need",0,"Kept"
"Media exposure",0,"Kept"
"Province",0,"Kept"
"Ethnicity",0,"Kept"
