"outcome","term","OR","lower","upper","p_value"
"hrfb_less_18","age_group20_24",1.61076012649138,1.27909287853201,2.02842829370784,5.06546465064415e-05
"hrfb_less_18","age_group25_29",1.51970006573466,1.19835783110683,1.92721091300486,0.000554494002079624
"hrfb_less_18","age_group30_34",1.06238152842055,0.821387576779522,1.37408276413724,0.644791066901252
"hrfb_less_18","age_group35_39",1.16095365148743,0.887192443824728,1.51918942759647,0.276738836006414
"hrfb_less_18","age_group40_plus",1.3424193112802,1.04653395791282,1.7219599934359,0.0204471928385747
"hrfb_less_18","provinceEastern_Cape",1.13781349411142,0.816089909546814,1.58636877167241,0.446401159969337
"hrfb_less_18","provinceNorthern_Cape",1.09961046829621,0.789557107123452,1.53141954024303,0.574203700053623
"hrfb_less_18","provinceFree_State",0.927531803897319,0.648714364818375,1.32618498047578,0.680046259437844
"hrfb_less_18","provinceKwazulu_Natal",1.18622659468599,0.847491495804212,1.66035121403201,0.319514966777813
"hrfb_less_18","provinceNorth_West",1.14368762215756,0.809916366760106,1.61500795731399,0.445726730794036
"hrfb_less_18","provinceGauteng",1.26882576550532,0.896474652761028,1.79583306482989,0.179148417549447
"hrfb_less_18","provinceMpumalanga",1.88770102151307,1.35592907648241,2.62802473110601,0.000167419736717179
"hrfb_less_18","provinceLimpopo",1.19878598318784,0.847016722725405,1.69664635293572,0.30626261229424
"hrfb_less_18","residenceRural",0.977176414040448,0.8371392130471,1.14063913059491,0.769856623143941
"hrfb_less_18","ethnicityWhite",0.217608520808326,0.0949943829132125,0.498487035508722,0.000310704774362619
"hrfb_less_18","ethnicityColoured",0.902676221970209,0.68592868127226,1.18791411404328,0.464864679148445
"hrfb_less_18","ethnicityIndian_Asian_Other",0.570869200134206,0.254578929403034,1.28012025357345,0.17363421882395
"hrfb_less_18","hh_head_sexFemale",1.0377761406637,0.902554063065416,1.19325740385348,0.602656933624301
"hrfb_less_18","educationPrimary",1.45559333508257,0.960729060825721,2.20535845487572,0.0765599514744604
"hrfb_less_18","educationSecondary",0.858842653881145,0.561480248007926,1.313689496189,0.482831926807987
"hrfb_less_18","educationHigher",0.303116671462926,0.181016313312439,0.507576995893053,5.67633765091492e-06
"hrfb_less_18","literacyReads_partially",0.920944183443969,0.656180381780802,1.29253816872355,0.633925706993611
"hrfb_less_18","literacyReads_fully",0.754002915141491,0.546928468407169,1.03947852211383,0.0847725827637165
"hrfb_less_18","wealth_indexMiddle",0.917815227864354,0.783107098649718,1.07569551336233,0.289609806328021
"hrfb_less_18","wealth_indexRich",0.721074334496304,0.599080682902048,0.867910134158508,0.000543991168670172
"hrfb_less_18","marital_statusLiving_with_partner",1.36987319572681,1.1276341503067,1.6641501783716,0.00152500950907772
"hrfb_less_18","marital_statusMarried",1.08039693845778,0.897491383710064,1.30057799530478,0.413846788198142
"hrfb_less_18","marital_statusFormerly_in_union",1.37630948561018,1.08236235865749,1.75008654451921,0.00916972314594655
"hrfb_less_18","currently_workingYes",1.09490159474953,0.954361105208621,1.25613826427159,0.195827093205353
"hrfb_less_18","ever_used_fpYes",1.3897963855775,1.14791087129429,1.68265153825614,0.000740934545792594
"hrfb_less_18","unmet_needUsing_for_spacing",0.998256320780167,0.805017598862033,1.23788061700294,0.987315008319509
"hrfb_less_18","unmet_needUsing_for_limiting",1.72387270675409,1.43198684184987,2.07525448016877,8.73326703897891e-09
"hrfb_less_18","unmet_needUnmet_need_spacing",0.912247499626048,0.67651334250887,1.23012429804822,0.547083488079078
"hrfb_less_18","unmet_needUnmet_need_limiting",2.08366161981962,1.64356624348929,2.64160070402274,1.32242221347384e-09
"hrfb_less_18","consumes_mediaYes",0.941876855568631,0.768115053306879,1.15494678464715,0.564947713537649
"hrfb_less_18","heard_fp_from_mediaYes",1.09750470496794,0.96482362926392,1.24843188007916,0.156988317167538
