"term","or_all_women","or_without_flagged","pct_change"
"age_group25_to_29",1.13,1.128,-0.2
"age_group30_to_34",0.791,0.788,-0.4
"age_group35_to_39",0.867,0.86,-0.8
"age_group40_and_higher",1.017,1.004,-1.3
"provinceEastern_Cape",1.115,1.141,2.3
"provinceNorthern_Cape",1.073,1.101,2.6
"provinceFree_State",0.916,0.937,2.3
"provinceKwazulu_Natal",1.207,1.23,1.9
"provinceNorth_West",1.115,1.15,3.1
"provinceGauteng",1.264,1.283,1.5
"provinceMpumalanga",1.87,1.896,1.4
"provinceLimpopo",1.195,1.211,1.3
"residenceRural",0.956,0.964,0.8
"ethnicityColoured",0.912,0.903,-1
"ethnicityWhite_or_Other",0.319,0.325,1.9
"hh_head_sexFemale",1.059,1.053,-0.6
"educationPrimary",1.362,1.44,5.7
"educationSecondary",0.804,0.857,6.6
"educationHigher",0.292,0.308,5.5
"literacyReads_partially",0.873,0.909,4.1
"literacyReads_fully",0.716,0.734,2.5
"wealth_indexMiddle",0.912,0.919,0.8
"wealth_indexRich",0.705,0.715,1.4
"marital_statusLiving_with_partner",1.426,1.426,0
"marital_statusMarried",1.129,1.11,-1.7
"marital_statusWidowed_or_Divorced_or_Separated",1.427,1.399,-2
"currently_workingYes",1.116,1.114,-0.2
"ever_used_fpYes",1.457,1.482,1.7
"unmet_needUsing_for_spacing",1.02,1.019,-0.1
"unmet_needUsing_for_limiting",1.749,1.745,-0.2
"unmet_needUnmet_need_for_spacing",0.954,0.962,0.8
"unmet_needUnmet_need_for_limiting",2.092,2.138,2.2
"consumes_mediaYes",0.953,0.94,-1.4
"heard_fp_from_mediaYes",1.113,1.108,-0.4
