"province","province_name","iso_code","latitude","longitude","country"
"Western_Cape","Western Cape","ZA-WC",-33.23,21.86,"South Africa"
"Eastern_Cape","Eastern Cape","ZA-EC",-32.3,26.42,"South Africa"
"Northern_Cape","Northern Cape","ZA-NC",-29.05,21.86,"South Africa"
"Free_State","Free State","ZA-FS",-28.45,26.8,"South Africa"
"Kwazulu_Natal","KwaZulu-Natal","ZA-KZN",-28.53,30.9,"South Africa"
"North_West","North West","ZA-NW",-26.66,25.28,"South Africa"
"Gauteng","Gauteng","ZA-GP",-26.27,28.11,"South Africa"
"Mpumalanga","Mpumalanga","ZA-MP",-25.57,30.53,"South Africa"
"Limpopo","Limpopo","ZA-LP",-23.4,29.42,"South Africa"
