"variable","role","label","description","dhs_source","type","levels_or_coding","reference_level","used_in_models","notes"
"hrfb_less_18","outcome","First birth before 18","1 if age at first birth is under 18","V212","binary (0/1)","1 = yes; missing treated as 0","","glmm_birth_before18","All women (df)"
"hrfb_greater_34","outcome","Birth after 34","1 if age at most recent birth is over 34","B3.01 and V011","binary (0/1)","1 = yes; missing treated as 0","","glmm_birth_after34","Women aged 35+ only (df_34)"
"hrfb_sbi","outcome","Short birth interval","1 if shortest preceding birth interval is under 24 months","B11.* (birth intervals in months)","binary (0/1)","1 = yes; missing treated as 0","","glmm_short_interval","All women (df); women with fewer than 2 births are 0"
"hrfb_parity","outcome","High parity","1 if children ever born is more than 3","V201","binary (0/1)","1 = yes; missing treated as 0","","glmm_high_parity","All women (df)"
"age_group","predictor","Age group","Five-year age group","V013 (recoded)","factor","less_than_24 (15-24); 25_to_29; 30_to_34; 35_to_39; 40_and_higher (40+)","less_than_24 (df) / 35_to_39 (df_34)","all four models","In glmm_birth_after34 only 35_to_39 and 40_and_higher are present"
"province","predictor","Province","Province of residence","V024 (recoded names)","factor (9 levels)","Western_Cape; Eastern_Cape; Northern_Cape; Free_State; Kwazulu_Natal; North_West; Gauteng; Mpumalanga; Limpopo","Western_Cape","glmm_birth_before18; glmm_short_interval; glmm_high_parity","Dropped from glmm_birth_after34 by group lasso"
"residence","predictor","Urban or rural residence","Type of place of residence","V025","factor (2 levels)","Urban; Rural","Urban","all four models",""
"ethnicity","predictor","Ethnicity","Ethnic group (recoded)","V131 (recoded)","factor (3 levels)","Black_or_African; Coloured; White_or_Other (White + Indian/Asian + Other)","Black_or_African","glmm_birth_before18; glmm_short_interval; glmm_high_parity","Dropped from glmm_birth_after34 by group lasso"
"hh_head_sex","predictor","Sex of household head","Sex of the head of household","V151","factor (2 levels)","Male; Female","Male","glmm_birth_before18; glmm_short_interval; glmm_high_parity","Dropped from glmm_birth_after34 by group lasso"
"education","predictor","Highest education level","Highest level of education attained","V106 (recoded)","factor (4 levels)","No_education; Primary; Secondary; Higher","No_education","glmm_birth_before18; glmm_short_interval; glmm_high_parity","Dropped from glmm_birth_after34 by group lasso"
"literacy","predictor","Literacy","Ability to read a sentence","V155 (recoded)","factor (3 levels)","Cannot_read (includes blind or visually impaired); Reads_partially; Reads_fully","Cannot_read","glmm_birth_before18; glmm_short_interval; glmm_high_parity","Dropped from glmm_birth_after34 by group lasso"
"wealth_index","predictor","Wealth index (3 groups)","Household wealth quintiles grouped into three","V190 (recoded)","factor (3 levels)","Poor (Poorest + Poorer); Middle; Rich (Richer + Richest)","Poor","all four models",""
"marital_status","predictor","Marital status","Current marital status","V501 (recoded)","factor (4 levels)","Never_in_union; Living_with_partner; Married; Widowed_or_Divorced_or_Separated","Never_in_union","glmm_birth_before18; glmm_short_interval; glmm_high_parity","Dropped from glmm_birth_after34 by group lasso"
"currently_working","predictor","Currently working","Whether the woman is currently working","V714","binary factor","No; Yes","No","all four models",""
"ever_used_fp","predictor","Ever used family planning","Whether the woman has ever used any method to delay or avoid pregnancy","V302A (recoded)","binary factor","No; Yes","No","all four models",""
"unmet_need","predictor","Unmet need for contraception","Contraceptive need status (recoded)","V626A (recoded)","factor (5 levels)","No_unmet_need (includes not married or no sex or infecund); Using_for_spacing; Using_for_limiting; Unmet_need_for_spacing; Unmet_need_for_limiting","No_unmet_need","all four models",""
"consumes_media","predictor","Media exposure","Any exposure to newspaper or radio or TV (any answer other than not at all)","V157; V158; V159 (derived)","binary factor","No; Yes","No","glmm_birth_before18; glmm_short_interval; glmm_high_parity","Dropped from glmm_birth_after34 by group lasso"
"heard_fp_from_media","predictor","Heard about family planning in media","Heard about family planning on radio or TV or in a newspaper","V384A; V384B; V384C (derived)","binary factor","No; Yes","No","glmm_birth_before18; glmm_short_interval; glmm_high_parity","Dropped from glmm_birth_after34 by group lasso"
