"outcome_key","province","category_key","dimension","level","n_women","n_events","w_women","w_events"
"birth_before18","Western_Cape","overall|All women","overall","All women",656,77,995.1859,111.3916
"birth_before18","Eastern_Cape","overall|All women","overall","All women",1041,185,938.0857,166.2233
"birth_before18","Northern_Cape","overall|All women","overall","All women",718,108,172.9149,26.3199
"birth_before18","Free_State","overall|All women","overall","All women",854,106,442.0306,54.7788
"birth_before18","Kwazulu_Natal","overall|All women","overall","All women",1360,213,1616.362,256.329
"birth_before18","North_West","overall|All women","overall","All women",863,154,570.1324,103.799
"birth_before18","Gauteng","overall|All women","overall","All women",863,143,2284.2376,385.9208
"birth_before18","Mpumalanga","overall|All women","overall","All women",1054,262,671.1749,166.4776
"birth_before18","Limpopo","overall|All women","overall","All women",1105,181,823.876,137.4729
"birth_before18","Western_Cape","residence|Urban","residence","Urban",634,74,973.5557,109.1156
"birth_before18","Western_Cape","residence|Rural","residence","Rural",22,3,21.6302,2.2759
"birth_before18","Eastern_Cape","residence|Urban","residence","Urban",525,72,487.084,68.7196
"birth_before18","Eastern_Cape","residence|Rural","residence","Rural",516,113,451.0016,97.5037
"birth_before18","Northern_Cape","residence|Urban","residence","Urban",522,69,124.0993,17.07
"birth_before18","Northern_Cape","residence|Rural","residence","Rural",196,39,48.8156,9.2498
"birth_before18","Free_State","residence|Urban","residence","Urban",755,101,381.5379,51.653
"birth_before18","Free_State","residence|Rural","residence","Rural",99,5,60.4927,3.1258
"birth_before18","Kwazulu_Natal","residence|Urban","residence","Urban",641,91,840.4272,122.7232
"birth_before18","Kwazulu_Natal","residence|Rural","residence","Rural",719,122,775.9349,133.6058
"birth_before18","North_West","residence|Urban","residence","Urban",409,74,252.6987,44.3392
"birth_before18","North_West","residence|Rural","residence","Rural",454,80,317.4336,59.4598
"birth_before18","Gauteng","residence|Urban","residence","Urban",775,129,2237.0133,377.5357
"birth_before18","Gauteng","residence|Rural","residence","Rural",88,14,47.2243,8.3851
"birth_before18","Mpumalanga","residence|Urban","residence","Urban",383,87,283.1659,67.0907
"birth_before18","Mpumalanga","residence|Rural","residence","Rural",671,175,388.009,99.387
"birth_before18","Limpopo","residence|Urban","residence","Urban",161,20,151.0035,20.9811
"birth_before18","Limpopo","residence|Rural","residence","Rural",944,161,672.8724,116.4918
"birth_before18","Western_Cape","wealth_index|Poor","wealth_index","Poor",89,16,131.9815,22.737
"birth_before18","Western_Cape","wealth_index|Middle","wealth_index","Middle",95,19,134.3945,26.4968
"birth_before18","Western_Cape","wealth_index|Rich","wealth_index","Rich",472,42,728.8099,62.1578
"birth_before18","Eastern_Cape","wealth_index|Poor","wealth_index","Poor",586,133,517.7799,116.6948
"birth_before18","Eastern_Cape","wealth_index|Middle","wealth_index","Middle",175,27,162.055,24.7188
"birth_before18","Eastern_Cape","wealth_index|Rich","wealth_index","Rich",280,25,258.2508,24.8097
"birth_before18","Northern_Cape","wealth_index|Poor","wealth_index","Poor",210,45,55.7289,11.5898
"birth_before18","Northern_Cape","wealth_index|Middle","wealth_index","Middle",166,23,39.9342,5.3671
"birth_before18","Northern_Cape","wealth_index|Rich","wealth_index","Rich",342,40,77.2518,9.363
"birth_before18","Free_State","wealth_index|Poor","wealth_index","Poor",139,24,79.0522,12.8734
"birth_before18","Free_State","wealth_index|Middle","wealth_index","Middle",290,37,148.7278,19.2322
"birth_before18","Free_State","wealth_index|Rich","wealth_index","Rich",425,45,214.2506,22.6733
"birth_before18","Kwazulu_Natal","wealth_index|Poor","wealth_index","Poor",713,124,774.0055,134.0569
"birth_before18","Kwazulu_Natal","wealth_index|Middle","wealth_index","Middle",261,49,336.2446,64.6475
"birth_before18","Kwazulu_Natal","wealth_index|Rich","wealth_index","Rich",386,40,506.112,57.6247
"birth_before18","North_West","wealth_index|Poor","wealth_index","Poor",349,68,234.7603,44.273
"birth_before18","North_West","wealth_index|Middle","wealth_index","Middle",283,52,190.0086,39.6908
"birth_before18","North_West","wealth_index|Rich","wealth_index","Rich",231,34,145.3634,19.8352
"birth_before18","Gauteng","wealth_index|Poor","wealth_index","Poor",263,57,672.6425,140.8507
"birth_before18","Gauteng","wealth_index|Middle","wealth_index","Middle",174,30,455.2888,91.6178
"birth_before18","Gauteng","wealth_index|Rich","wealth_index","Rich",426,56,1156.3064,153.4523
"birth_before18","Mpumalanga","wealth_index|Poor","wealth_index","Poor",511,155,339.1661,100.258
"birth_before18","Mpumalanga","wealth_index|Middle","wealth_index","Middle",308,75,186.9047,46.6955
"birth_before18","Mpumalanga","wealth_index|Rich","wealth_index","Rich",235,32,145.104,19.5242
"birth_before18","Limpopo","wealth_index|Poor","wealth_index","Poor",768,130,558.2178,94.0825
"birth_before18","Limpopo","wealth_index|Middle","wealth_index","Middle",204,35,150.9809,25.7371
"birth_before18","Limpopo","wealth_index|Rich","wealth_index","Rich",133,16,114.6772,17.6533
"birth_before18","Western_Cape","age_group|less_than_24","age_group","less_than_24",197,13,296.4692,18.143
"birth_before18","Western_Cape","age_group|25_to_29","age_group","25_to_29",90,10,139.6502,14.3355
"birth_before18","Western_Cape","age_group|30_to_34","age_group","30_to_34",102,17,151.1355,27.1626
"birth_before18","Western_Cape","age_group|35_to_39","age_group","35_to_39",96,13,152.247,17.6131
"birth_before18","Western_Cape","age_group|40_and_higher","age_group","40_and_higher",171,24,255.6841,34.1373
"birth_before18","Eastern_Cape","age_group|less_than_24","age_group","less_than_24",382,70,345.2287,62.8108
"birth_before18","Eastern_Cape","age_group|25_to_29","age_group","25_to_29",147,30,132.9481,27.1095
"birth_before18","Eastern_Cape","age_group|30_to_34","age_group","30_to_34",150,21,131.03,18.6139
"birth_before18","Eastern_Cape","age_group|35_to_39","age_group","35_to_39",119,16,107.7081,13.8524
"birth_before18","Eastern_Cape","age_group|40_and_higher","age_group","40_and_higher",243,48,221.1707,43.8368
"birth_before18","Northern_Cape","age_group|less_than_24","age_group","less_than_24",226,30,54.3476,6.8505
"birth_before18","Northern_Cape","age_group|25_to_29","age_group","25_to_29",112,22,28.3245,5.7659
"birth_before18","Northern_Cape","age_group|30_to_34","age_group","30_to_34",102,12,23.4995,2.9491
"birth_before18","Northern_Cape","age_group|35_to_39","age_group","35_to_39",109,19,25.1921,4.746
"birth_before18","Northern_Cape","age_group|40_and_higher","age_group","40_and_higher",169,25,41.5512,6.0084
"birth_before18","Free_State","age_group|less_than_24","age_group","less_than_24",286,27,147.6321,13.8732
"birth_before18","Free_State","age_group|25_to_29","age_group","25_to_29",139,20,72.594,10.1082
"birth_before18","Free_State","age_group|30_to_34","age_group","30_to_34",130,16,66.7495,7.7215
"birth_before18","Free_State","age_group|35_to_39","age_group","35_to_39",98,15,49.9018,7.5367
"birth_before18","Free_State","age_group|40_and_higher","age_group","40_and_higher",201,28,105.1532,15.5393
"birth_before18","Kwazulu_Natal","age_group|less_than_24","age_group","less_than_24",532,73,609.0713,87.8681
"birth_before18","Kwazulu_Natal","age_group|25_to_29","age_group","25_to_29",216,45,264.8622,55.4592
"birth_before18","Kwazulu_Natal","age_group|30_to_34","age_group","30_to_34",217,30,263.5327,36.1877
"birth_before18","Kwazulu_Natal","age_group|35_to_39","age_group","35_to_39",138,19,165.5545,21.6017
"birth_before18","Kwazulu_Natal","age_group|40_and_higher","age_group","40_and_higher",257,46,313.3414,55.2123
"birth_before18","North_West","age_group|less_than_24","age_group","less_than_24",252,40,164.5843,26.5203
"birth_before18","North_West","age_group|25_to_29","age_group","25_to_29",160,30,104.5268,20.9037
"birth_before18","North_West","age_group|30_to_34","age_group","30_to_34",132,22,100.0515,19.8692
"birth_before18","North_West","age_group|35_to_39","age_group","35_to_39",114,17,75.9749,12.9721
"birth_before18","North_West","age_group|40_and_higher","age_group","40_and_higher",205,45,124.995,23.5337
"birth_before18","Gauteng","age_group|less_than_24","age_group","less_than_24",260,31,688.1199,93.3803
"birth_before18","Gauteng","age_group|25_to_29","age_group","25_to_29",161,23,448.1256,63.1914
"birth_before18","Gauteng","age_group|30_to_34","age_group","30_to_34",137,18,375.1694,49.5395
"birth_before18","Gauteng","age_group|35_to_39","age_group","35_to_39",123,30,327.0343,86.3084
"birth_before18","Gauteng","age_group|40_and_higher","age_group","40_and_higher",182,41,445.7884,93.5013
"birth_before18","Mpumalanga","age_group|less_than_24","age_group","less_than_24",371,74,232.032,46.397
"birth_before18","Mpumalanga","age_group|25_to_29","age_group","25_to_29",214,50,135.7619,30.4961
"birth_before18","Mpumalanga","age_group|30_to_34","age_group","30_to_34",168,41,106.0341,24.6477
"birth_before18","Mpumalanga","age_group|35_to_39","age_group","35_to_39",106,28,73.4426,21.2116
"birth_before18","Mpumalanga","age_group|40_and_higher","age_group","40_and_higher",195,69,123.9044,43.7251
"birth_before18","Limpopo","age_group|less_than_24","age_group","less_than_24",407,46,304.0432,35.7816
"birth_before18","Limpopo","age_group|25_to_29","age_group","25_to_29",158,39,116.744,29.1662
"birth_before18","Limpopo","age_group|30_to_34","age_group","30_to_34",157,26,116.1229,19.1031
"birth_before18","Limpopo","age_group|35_to_39","age_group","35_to_39",129,22,95.3497,15.5608
"birth_before18","Limpopo","age_group|40_and_higher","age_group","40_and_higher",254,48,191.6162,37.8612
"birth_before18","Western_Cape","education|No_education","education","No_education",10,1,14.7874,1.2491
"birth_before18","Western_Cape","education|Primary","education","Primary",46,11,60.5204,12.9928
"birth_before18","Western_Cape","education|Secondary","education","Secondary",493,61,735.8711,91.3221
"birth_before18","Western_Cape","education|Higher","education","Higher",107,4,184.0071,5.8275
"birth_before18","Eastern_Cape","education|No_education","education","No_education",16,2,13.763,1.7568
"birth_before18","Eastern_Cape","education|Primary","education","Primary",151,48,139.2502,42.6365
"birth_before18","Eastern_Cape","education|Secondary","education","Secondary",794,133,712.6698,119.8827
"birth_before18","Eastern_Cape","education|Higher","education","Higher",80,2,72.4027,1.9472
"birth_before18","Northern_Cape","education|No_education","education","No_education",20,2,4.6783,0.334
"birth_before18","Northern_Cape","education|Primary","education","Primary",80,17,19.8113,4.5551
"birth_before18","Northern_Cape","education|Secondary","education","Secondary",553,86,133.8623,20.727
"birth_before18","Northern_Cape","education|Higher","education","Higher",65,3,14.563,0.7038
"birth_before18","Free_State","education|No_education","education","No_education",9,2,4.7132,1.0886
"birth_before18","Free_State","education|Primary","education","Primary",71,25,39.1152,13.6146
"birth_before18","Free_State","education|Secondary","education","Secondary",692,74,355.8539,37.6961
"birth_before18","Free_State","education|Higher","education","Higher",82,5,42.3483,2.3795
"birth_before18","Kwazulu_Natal","education|No_education","education","No_education",48,12,49.5122,13.2555
"birth_before18","Kwazulu_Natal","education|Primary","education","Primary",137,32,147.4371,33.5261
"birth_before18","Kwazulu_Natal","education|Secondary","education","Secondary",1043,159,1255.8919,197.5208
"birth_before18","Kwazulu_Natal","education|Higher","education","Higher",132,10,163.5208,12.0267
"birth_before18","North_West","education|No_education","education","No_education",26,9,15.3161,5.4667
"birth_before18","North_West","education|Primary","education","Primary",120,30,72.724,16.4174
"birth_before18","North_West","education|Secondary","education","Secondary",654,113,438.5346,80.9452
"birth_before18","North_West","education|Higher","education","Higher",63,2,43.5576,0.9697
"birth_before18","Gauteng","education|No_education","education","No_education",12,3,35.4476,9.2902
"birth_before18","Gauteng","education|Primary","education","Primary",59,14,164.4527,40.0185
"birth_before18","Gauteng","education|Secondary","education","Secondary",661,117,1748.5386,314.0896
"birth_before18","Gauteng","education|Higher","education","Higher",131,9,335.7987,22.5225
"birth_before18","Mpumalanga","education|No_education","education","No_education",35,16,20.4259,9.5013
"birth_before18","Mpumalanga","education|Primary","education","Primary",115,49,69.0675,30.8485
"birth_before18","Mpumalanga","education|Secondary","education","Secondary",798,188,517.3461,121.186
"birth_before18","Mpumalanga","education|Higher","education","Higher",106,9,64.3353,4.9419
"birth_before18","Limpopo","education|No_education","education","No_education",14,3,9.5805,2.3082
"birth_before18","Limpopo","education|Primary","education","Primary",83,26,61.9062,19.1206
"birth_before18","Limpopo","education|Secondary","education","Secondary",893,142,664.8727,107.2424
"birth_before18","Limpopo","education|Higher","education","Higher",115,10,87.5166,8.8017
"birth_before18","Western_Cape","marital_status|Never_in_union","marital_status","Never_in_union",326,28,488.6783,40.8097
"birth_before18","Western_Cape","marital_status|Living_with_partner","marital_status","Living_with_partner",71,15,107.5625,19.2225
"birth_before18","Western_Cape","marital_status|Married","marital_status","Married",224,28,346.4607,42.9055
"birth_before18","Western_Cape","marital_status|Widowed_or_Divorced_or_Separated","marital_status","Widowed_or_Divorced_or_Separated",35,6,52.4845,8.4538
"birth_before18","Eastern_Cape","marital_status|Never_in_union","marital_status","Never_in_union",659,116,596.5039,105.4954
"birth_before18","Eastern_Cape","marital_status|Living_with_partner","marital_status","Living_with_partner",67,12,56.7042,10.0559
"birth_before18","Eastern_Cape","marital_status|Married","marital_status","Married",242,36,218.0146,32.2429
"birth_before18","Eastern_Cape","marital_status|Widowed_or_Divorced_or_Separated","marital_status","Widowed_or_Divorced_or_Separated",73,21,66.8631,18.429
"birth_before18","Northern_Cape","marital_status|Never_in_union","marital_status","Never_in_union",402,56,95.8575,12.7441
"birth_before18","Northern_Cape","marital_status|Living_with_partner","marital_status","Living_with_partner",122,22,29.674,5.9591
"birth_before18","Northern_Cape","marital_status|Married","marital_status","Married",146,19,35.8951,4.8046
"birth_before18","Northern_Cape","marital_status|Widowed_or_Divorced_or_Separated","marital_status","Widowed_or_Divorced_or_Separated",48,11,11.4882,2.8121
"birth_before18","Free_State","marital_status|Never_in_union","marital_status","Never_in_union",487,41,249.8927,21.0834
"birth_before18","Free_State","marital_status|Living_with_partner","marital_status","Living_with_partner",86,16,45.5817,7.8365
"birth_before18","Free_State","marital_status|Married","marital_status","Married",192,27,100.0956,14.1504
"birth_before18","Free_State","marital_status|Widowed_or_Divorced_or_Separated","marital_status","Widowed_or_Divorced_or_Separated",89,22,46.4606,11.7085
"birth_before18","Kwazulu_Natal","marital_status|Never_in_union","marital_status","Never_in_union",1045,167,1223.6071,201.7258
"birth_before18","Kwazulu_Natal","marital_status|Living_with_partner","marital_status","Living_with_partner",108,21,124.3539,26.2072
"birth_before18","Kwazulu_Natal","marital_status|Married","marital_status","Married",180,21,236.5957,24.2789
"birth_before18","Kwazulu_Natal","marital_status|Widowed_or_Divorced_or_Separated","marital_status","Widowed_or_Divorced_or_Separated",27,4,31.8054,4.1171
"birth_before18","North_West","marital_status|Never_in_union","marital_status","Never_in_union",487,82,314.7413,58.6811
"birth_before18","North_West","marital_status|Living_with_partner","marital_status","Living_with_partner",145,32,96.0943,21.5493
"birth_before18","North_West","marital_status|Married","marital_status","Married",162,25,119.0556,16.4899
"birth_before18","North_West","marital_status|Widowed_or_Divorced_or_Separated","marital_status","Widowed_or_Divorced_or_Separated",69,15,40.2412,7.0787
"birth_before18","Gauteng","marital_status|Never_in_union","marital_status","Never_in_union",430,55,1140.9057,151.2911
"birth_before18","Gauteng","marital_status|Living_with_partner","marital_status","Living_with_partner",162,37,433.4473,101.4321
"birth_before18","Gauteng","marital_status|Married","marital_status","Married",233,45,601.5202,115.6759
"birth_before18","Gauteng","marital_status|Widowed_or_Divorced_or_Separated","marital_status","Widowed_or_Divorced_or_Separated",38,6,108.3644,17.5217
"birth_before18","Mpumalanga","marital_status|Never_in_union","marital_status","Never_in_union",612,117,379.4085,72.3739
"birth_before18","Mpumalanga","marital_status|Living_with_partner","marital_status","Living_with_partner",186,74,120.7416,45.9106
"birth_before18","Mpumalanga","marital_status|Married","marital_status","Married",180,45,123.6287,32.5374
"birth_before18","Mpumalanga","marital_status|Widowed_or_Divorced_or_Separated","marital_status","Widowed_or_Divorced_or_Separated",76,26,47.3961,15.6558
"birth_before18","Limpopo","marital_status|Never_in_union","marital_status","Never_in_union",686,95,502.3561,68.5672
"birth_before18","Limpopo","marital_status|Living_with_partner","marital_status","Living_with_partner",69,15,52.1815,11.9572
"birth_before18","Limpopo","marital_status|Married","marital_status","Married",266,53,202.2115,43.0076
"birth_before18","Limpopo","marital_status|Widowed_or_Divorced_or_Separated","marital_status","Widowed_or_Divorced_or_Separated",84,18,67.1269,13.9409
"birth_before18","Western_Cape","ever_used_fp|No","ever_used_fp","No",232,17,339.9243,22.1492
"birth_before18","Western_Cape","ever_used_fp|Yes","ever_used_fp","Yes",424,60,655.2616,89.2424
"birth_before18","Eastern_Cape","ever_used_fp|No","ever_used_fp","No",226,27,204.0935,22.7912
"birth_before18","Eastern_Cape","ever_used_fp|Yes","ever_used_fp","Yes",815,158,733.9921,143.4321
"birth_before18","Northern_Cape","ever_used_fp|No","ever_used_fp","No",274,34,64.2396,7.652
"birth_before18","Northern_Cape","ever_used_fp|Yes","ever_used_fp","Yes",444,74,108.6753,18.6679
"birth_before18","Free_State","ever_used_fp|No","ever_used_fp","No",360,29,185.4276,15.345
"birth_before18","Free_State","ever_used_fp|Yes","ever_used_fp","Yes",494,77,256.603,39.4338
"birth_before18","Kwazulu_Natal","ever_used_fp|No","ever_used_fp","No",588,58,662.4716,62.5808
"birth_before18","Kwazulu_Natal","ever_used_fp|Yes","ever_used_fp","Yes",772,155,953.8904,193.7483
"birth_before18","North_West","ever_used_fp|No","ever_used_fp","No",213,31,128.2544,21.5083
"birth_before18","North_West","ever_used_fp|Yes","ever_used_fp","Yes",650,123,441.878,82.2907
"birth_before18","Gauteng","ever_used_fp|No","ever_used_fp","No",284,38,731.3815,101.1986
"birth_before18","Gauteng","ever_used_fp|Yes","ever_used_fp","Yes",579,105,1552.8561,284.7222
"birth_before18","Mpumalanga","ever_used_fp|No","ever_used_fp","No",303,51,188.3744,30.7938
"birth_before18","Mpumalanga","ever_used_fp|Yes","ever_used_fp","Yes",751,211,482.8005,135.6838
"birth_before18","Limpopo","ever_used_fp|No","ever_used_fp","No",443,56,322.6965,40.8446
"birth_before18","Limpopo","ever_used_fp|Yes","ever_used_fp","Yes",662,125,501.1795,96.6283
"birth_after34","Western_Cape","overall|All women","overall","All women",267,66,407.9311,97.7581
"birth_after34","Eastern_Cape","overall|All women","overall","All women",362,115,328.8788,104.0967
"birth_after34","Northern_Cape","overall|All women","overall","All women",278,72,66.7433,19.0933
"birth_after34","Free_State","overall|All women","overall","All women",299,94,155.055,50.0884
"birth_after34","Kwazulu_Natal","overall|All women","overall","All women",395,111,478.8959,137.0877
"birth_after34","North_West","overall|All women","overall","All women",319,99,200.9698,57.4881
"birth_after34","Gauteng","overall|All women","overall","All women",305,84,772.8227,197.1568
"birth_after34","Mpumalanga","overall|All women","overall","All women",301,86,197.3469,53.8505
"birth_after34","Limpopo","overall|All women","overall","All women",383,134,286.9659,99.2282
"birth_after34","Western_Cape","residence|Urban","residence","Urban",257,64,397.3252,96.348
"birth_after34","Western_Cape","residence|Rural","residence","Rural",10,2,10.6059,1.4101
"birth_after34","Eastern_Cape","residence|Urban","residence","Urban",198,57,185.9195,52.8805
"birth_after34","Eastern_Cape","residence|Rural","residence","Rural",164,58,142.9593,51.2163
"birth_after34","Northern_Cape","residence|Urban","residence","Urban",210,48,49.987,13.0206
"birth_after34","Northern_Cape","residence|Rural","residence","Rural",68,24,16.7563,6.0727
"birth_after34","Free_State","residence|Urban","residence","Urban",271,84,137.7592,43.6694
"birth_after34","Free_State","residence|Rural","residence","Rural",28,10,17.2958,6.419
"birth_after34","Kwazulu_Natal","residence|Urban","residence","Urban",197,50,262.1506,69.1962
"birth_after34","Kwazulu_Natal","residence|Rural","residence","Rural",198,61,216.7453,67.8915
"birth_after34","North_West","residence|Urban","residence","Urban",143,41,85.6977,22.8826
"birth_after34","North_West","residence|Rural","residence","Rural",176,58,115.2722,34.6056
"birth_after34","Gauteng","residence|Urban","residence","Urban",269,70,751.9483,189.2267
"birth_after34","Gauteng","residence|Rural","residence","Rural",36,14,20.8743,7.9301
"birth_after34","Mpumalanga","residence|Urban","residence","Urban",115,26,89.3156,19.4429
"birth_after34","Mpumalanga","residence|Rural","residence","Rural",186,60,108.0313,34.4075
"birth_after34","Limpopo","residence|Urban","residence","Urban",57,18,53.6818,15.8722
"birth_after34","Limpopo","residence|Rural","residence","Rural",326,116,233.2841,83.356
"birth_after34","Western_Cape","wealth_index|Poor","wealth_index","Poor",26,6,38.2905,9.3449
"birth_after34","Western_Cape","wealth_index|Middle","wealth_index","Middle",37,10,54.2597,13.8729
"birth_after34","Western_Cape","wealth_index|Rich","wealth_index","Rich",204,50,315.3809,74.5403
"birth_after34","Eastern_Cape","wealth_index|Poor","wealth_index","Poor",172,64,152.2091,56.6914
"birth_after34","Eastern_Cape","wealth_index|Middle","wealth_index","Middle",71,20,67.228,18.1863
"birth_after34","Eastern_Cape","wealth_index|Rich","wealth_index","Rich",119,31,109.4417,29.219
"birth_after34","Northern_Cape","wealth_index|Poor","wealth_index","Poor",70,28,18.8089,7.9314
"birth_after34","Northern_Cape","wealth_index|Middle","wealth_index","Middle",67,14,15.7502,3.695
"birth_after34","Northern_Cape","wealth_index|Rich","wealth_index","Rich",141,30,32.1842,7.4669
"birth_after34","Free_State","wealth_index|Poor","wealth_index","Poor",40,20,22.4623,11.3141
"birth_after34","Free_State","wealth_index|Middle","wealth_index","Middle",108,30,55.2826,15.087
"birth_after34","Free_State","wealth_index|Rich","wealth_index","Rich",151,44,77.31,23.6873
"birth_after34","Kwazulu_Natal","wealth_index|Poor","wealth_index","Poor",183,60,199.5757,66.2112
"birth_after34","Kwazulu_Natal","wealth_index|Middle","wealth_index","Middle",69,20,92.097,28.0254
"birth_after34","Kwazulu_Natal","wealth_index|Rich","wealth_index","Rich",143,31,187.2231,42.8511
"birth_after34","North_West","wealth_index|Poor","wealth_index","Poor",131,49,80.2958,26.4314
"birth_after34","North_West","wealth_index|Middle","wealth_index","Middle",107,33,67.0925,18.0338
"birth_after34","North_West","wealth_index|Rich","wealth_index","Rich",81,17,53.5816,13.023
"birth_after34","Gauteng","wealth_index|Poor","wealth_index","Poor",95,28,225.8726,66.9996
"birth_after34","Gauteng","wealth_index|Middle","wealth_index","Middle",50,17,119.4352,30.4253
"birth_after34","Gauteng","wealth_index|Rich","wealth_index","Rich",160,39,427.5148,99.732
"birth_after34","Mpumalanga","wealth_index|Poor","wealth_index","Poor",150,46,103.354,30.152
"birth_after34","Mpumalanga","wealth_index|Middle","wealth_index","Middle",78,22,47.4214,13.5581
"birth_after34","Mpumalanga","wealth_index|Rich","wealth_index","Rich",73,18,46.5716,10.1403
"birth_after34","Limpopo","wealth_index|Poor","wealth_index","Poor",253,99,185.7493,72.3835
"birth_after34","Limpopo","wealth_index|Middle","wealth_index","Middle",71,18,51.8279,12.9607
"birth_after34","Limpopo","wealth_index|Rich","wealth_index","Rich",59,17,49.3887,13.884
"birth_after34","Western_Cape","age_group|35_to_39","age_group","35_to_39",96,11,152.247,17.094
"birth_after34","Western_Cape","age_group|40_and_higher","age_group","40_and_higher",171,55,255.6841,80.6642
"birth_after34","Eastern_Cape","age_group|35_to_39","age_group","35_to_39",119,23,107.7081,21.3204
"birth_after34","Eastern_Cape","age_group|40_and_higher","age_group","40_and_higher",243,92,221.1707,82.7763
"birth_after34","Northern_Cape","age_group|35_to_39","age_group","35_to_39",109,15,25.1921,3.714
"birth_after34","Northern_Cape","age_group|40_and_higher","age_group","40_and_higher",169,57,41.5512,15.3793
"birth_after34","Free_State","age_group|35_to_39","age_group","35_to_39",98,15,49.9018,7.5766
"birth_after34","Free_State","age_group|40_and_higher","age_group","40_and_higher",201,79,105.1532,42.5118
"birth_after34","Kwazulu_Natal","age_group|35_to_39","age_group","35_to_39",138,22,165.5545,27.4892
"birth_after34","Kwazulu_Natal","age_group|40_and_higher","age_group","40_and_higher",257,89,313.3414,109.5985
"birth_after34","North_West","age_group|35_to_39","age_group","35_to_39",114,15,75.9749,12.4212
"birth_after34","North_West","age_group|40_and_higher","age_group","40_and_higher",205,84,124.995,45.0669
"birth_after34","Gauteng","age_group|35_to_39","age_group","35_to_39",123,19,327.0343,43.6214
"birth_after34","Gauteng","age_group|40_and_higher","age_group","40_and_higher",182,65,445.7884,153.5354
"birth_after34","Mpumalanga","age_group|35_to_39","age_group","35_to_39",106,13,73.4426,7.216
"birth_after34","Mpumalanga","age_group|40_and_higher","age_group","40_and_higher",195,73,123.9044,46.6345
"birth_after34","Limpopo","age_group|35_to_39","age_group","35_to_39",129,30,95.3497,21.5681
"birth_after34","Limpopo","age_group|40_and_higher","age_group","40_and_higher",254,104,191.6162,77.66
"birth_after34","Western_Cape","education|No_education","education","No_education",7,1,10.0055,0.9781
"birth_after34","Western_Cape","education|Primary","education","Primary",28,10,36.3813,13.7231
"birth_after34","Western_Cape","education|Secondary","education","Secondary",189,47,284.8924,71.1596
"birth_after34","Western_Cape","education|Higher","education","Higher",43,8,76.6519,11.8973
"birth_after34","Eastern_Cape","education|No_education","education","No_education",14,6,11.8404,5.3299
"birth_after34","Eastern_Cape","education|Primary","education","Primary",73,33,66.239,30.2738
"birth_after34","Eastern_Cape","education|Secondary","education","Secondary",235,66,214.033,59.6918
"birth_after34","Eastern_Cape","education|Higher","education","Higher",40,10,36.7664,8.8013
"birth_after34","Northern_Cape","education|No_education","education","No_education",17,5,4.0037,1.0589
"birth_after34","Northern_Cape","education|Primary","education","Primary",48,18,11.8666,5.2649
"birth_after34","Northern_Cape","education|Secondary","education","Secondary",185,40,44.6026,10.7679
"birth_after34","Northern_Cape","education|Higher","education","Higher",28,9,6.2704,2.0016
"birth_after34","Free_State","education|No_education","education","No_education",7,2,3.6246,1.0404
"birth_after34","Free_State","education|Primary","education","Primary",40,18,21.8208,9.9726
"birth_after34","Free_State","education|Secondary","education","Secondary",224,65,113.9774,33.5812
"birth_after34","Free_State","education|Higher","education","Higher",28,9,15.6322,5.4941
"birth_after34","Kwazulu_Natal","education|No_education","education","No_education",35,13,37.2939,15.1531
"birth_after34","Kwazulu_Natal","education|Primary","education","Primary",76,31,80.7624,33.6252
"birth_after34","Kwazulu_Natal","education|Secondary","education","Secondary",228,51,293.2475,66.333
"birth_after34","Kwazulu_Natal","education|Higher","education","Higher",56,16,67.592,21.9763
"birth_after34","North_West","education|No_education","education","No_education",21,8,11.6489,4.41
"birth_after34","North_West","education|Primary","education","Primary",59,21,33.7608,10.9513
"birth_after34","North_West","education|Secondary","education","Secondary",222,65,138.3567,35.3305
"birth_after34","North_West","education|Higher","education","Higher",17,5,17.2034,6.7963
"birth_after34","Gauteng","education|No_education","education","No_education",9,2,27.8621,6.4085
"birth_after34","Gauteng","education|Primary","education","Primary",29,7,72.331,18.2801
"birth_after34","Gauteng","education|Secondary","education","Secondary",222,62,562.6288,139.7228
"birth_after34","Gauteng","education|Higher","education","Higher",45,13,110.0007,32.7454
"birth_after34","Mpumalanga","education|No_education","education","No_education",27,11,15.9481,6.2792
"birth_after34","Mpumalanga","education|Primary","education","Primary",71,22,43.6027,12.2128
"birth_after34","Mpumalanga","education|Secondary","education","Secondary",172,44,118.7717,30.3224
"birth_after34","Mpumalanga","education|Higher","education","Higher",31,9,19.0245,5.0362
"birth_after34","Limpopo","education|No_education","education","No_education",11,5,6.9594,2.8327
"birth_after34","Limpopo","education|Primary","education","Primary",45,16,35.0325,11.4454
"birth_after34","Limpopo","education|Secondary","education","Secondary",274,101,205.3725,76.2941
"birth_after34","Limpopo","education|Higher","education","Higher",53,12,39.6016,8.656
"birth_after34","Western_Cape","marital_status|Never_in_union","marital_status","Never_in_union",75,20,115.5063,29.6419
"birth_after34","Western_Cape","marital_status|Living_with_partner","marital_status","Living_with_partner",36,6,52.4757,9.6214
"birth_after34","Western_Cape","marital_status|Married","marital_status","Married",133,32,208.474,47.9378
"birth_after34","Western_Cape","marital_status|Widowed_or_Divorced_or_Separated","marital_status","Widowed_or_Divorced_or_Separated",23,8,31.4751,10.557
"birth_after34","Eastern_Cape","marital_status|Never_in_union","marital_status","Never_in_union",133,38,120.4818,34.2292
"birth_after34","Eastern_Cape","marital_status|Living_with_partner","marital_status","Living_with_partner",25,7,22.0176,6.0611
"birth_after34","Eastern_Cape","marital_status|Married","marital_status","Married",143,51,130.7932,46.1059
"birth_after34","Eastern_Cape","marital_status|Widowed_or_Divorced_or_Separated","marital_status","Widowed_or_Divorced_or_Separated",61,19,55.5861,17.7006
"birth_after34","Northern_Cape","marital_status|Never_in_union","marital_status","Never_in_union",90,21,21.7418,5.7629
"birth_after34","Northern_Cape","marital_status|Living_with_partner","marital_status","Living_with_partner",46,12,10.7683,3.1101
"birth_after34","Northern_Cape","marital_status|Married","marital_status","Married",107,26,25.9856,6.9527
"birth_after34","Northern_Cape","marital_status|Widowed_or_Divorced_or_Separated","marital_status","Widowed_or_Divorced_or_Separated",35,13,8.2477,3.2676
"birth_after34","Free_State","marital_status|Never_in_union","marital_status","Never_in_union",87,22,44.1541,11.1298
"birth_after34","Free_State","marital_status|Living_with_partner","marital_status","Living_with_partner",27,7,14.1097,4.0537
"birth_after34","Free_State","marital_status|Married","marital_status","Married",117,41,61.2721,22.6743
"birth_after34","Free_State","marital_status|Widowed_or_Divorced_or_Separated","marital_status","Widowed_or_Divorced_or_Separated",68,24,35.5191,12.2307
"birth_after34","Kwazulu_Natal","marital_status|Never_in_union","marital_status","Never_in_union",215,44,253.7094,51.4702
"birth_after34","Kwazulu_Natal","marital_status|Living_with_partner","marital_status","Living_with_partner",39,18,43.5162,20.6859
"birth_after34","Kwazulu_Natal","marital_status|Married","marital_status","Married",118,39,154.2446,52.3696
"birth_after34","Kwazulu_Natal","marital_status|Widowed_or_Divorced_or_Separated","marital_status","Widowed_or_Divorced_or_Separated",23,10,27.4257,12.5619
"birth_after34","North_West","marital_status|Never_in_union","marital_status","Never_in_union",111,33,67.1731,18.4124
"birth_after34","North_West","marital_status|Living_with_partner","marital_status","Living_with_partner",59,17,38.9805,9.1273
"birth_after34","North_West","marital_status|Married","marital_status","Married",97,34,63.9233,22.1324
"birth_after34","North_West","marital_status|Widowed_or_Divorced_or_Separated","marital_status","Widowed_or_Divorced_or_Separated",52,15,30.893,7.8161
"birth_after34","Gauteng","marital_status|Never_in_union","marital_status","Never_in_union",99,29,241.9992,65.2381
"birth_after34","Gauteng","marital_status|Living_with_partner","marital_status","Living_with_partner",53,19,138.5191,46.0846
"birth_after34","Gauteng","marital_status|Married","marital_status","Married",130,29,327.0946,66.1998
"birth_after34","Gauteng","marital_status|Widowed_or_Divorced_or_Separated","marital_status","Widowed_or_Divorced_or_Separated",23,7,65.2097,19.6343
"birth_after34","Mpumalanga","marital_status|Never_in_union","marital_status","Never_in_union",95,22,64.4764,13.879
"birth_after34","Mpumalanga","marital_status|Living_with_partner","marital_status","Living_with_partner",59,20,35.8595,11.8709
"birth_after34","Mpumalanga","marital_status|Married","marital_status","Married",97,34,66.7897,22.4061
"birth_after34","Mpumalanga","marital_status|Widowed_or_Divorced_or_Separated","marital_status","Widowed_or_Divorced_or_Separated",50,10,30.2214,5.6945
"birth_after34","Limpopo","marital_status|Never_in_union","marital_status","Never_in_union",139,41,102.0249,30.0811
"birth_after34","Limpopo","marital_status|Living_with_partner","marital_status","Living_with_partner",20,7,16.7501,6.0083
"birth_after34","Limpopo","marital_status|Married","marital_status","Married",164,64,120.6078,46.0985
"birth_after34","Limpopo","marital_status|Widowed_or_Divorced_or_Separated","marital_status","Widowed_or_Divorced_or_Separated",60,22,47.5831,17.0402
"birth_after34","Western_Cape","ever_used_fp|No","ever_used_fp","No",87,15,126.4766,21.8936
"birth_after34","Western_Cape","ever_used_fp|Yes","ever_used_fp","Yes",180,51,281.4544,75.8645
"birth_after34","Eastern_Cape","ever_used_fp|No","ever_used_fp","No",62,14,55.6787,12.7085
"birth_after34","Eastern_Cape","ever_used_fp|Yes","ever_used_fp","Yes",300,101,273.2001,91.3883
"birth_after34","Northern_Cape","ever_used_fp|No","ever_used_fp","No",94,16,21.5877,4.1035
"birth_after34","Northern_Cape","ever_used_fp|Yes","ever_used_fp","Yes",184,56,45.1556,14.9898
"birth_after34","Free_State","ever_used_fp|No","ever_used_fp","No",118,26,61.9458,14.2233
"birth_after34","Free_State","ever_used_fp|Yes","ever_used_fp","Yes",181,68,93.1092,35.8651
"birth_after34","Kwazulu_Natal","ever_used_fp|No","ever_used_fp","No",165,46,194.4584,53.6366
"birth_after34","Kwazulu_Natal","ever_used_fp|Yes","ever_used_fp","Yes",230,65,284.4375,83.4511
"birth_after34","North_West","ever_used_fp|No","ever_used_fp","No",71,19,42.6559,11.2806
"birth_after34","North_West","ever_used_fp|Yes","ever_used_fp","Yes",248,80,158.3139,46.2076
"birth_after34","Gauteng","ever_used_fp|No","ever_used_fp","No",97,16,240.8651,32.4372
"birth_after34","Gauteng","ever_used_fp|Yes","ever_used_fp","Yes",208,68,531.9576,164.7196
"birth_after34","Mpumalanga","ever_used_fp|No","ever_used_fp","No",93,24,54.9775,14.1976
"birth_after34","Mpumalanga","ever_used_fp|Yes","ever_used_fp","Yes",208,62,142.3695,39.6529
"birth_after34","Limpopo","ever_used_fp|No","ever_used_fp","No",124,38,91.0296,27.4945
"birth_after34","Limpopo","ever_used_fp|Yes","ever_used_fp","Yes",259,96,195.9363,71.7337
"short_interval","Western_Cape","overall|All women","overall","All women",656,52,995.1859,77.5688
"short_interval","Eastern_Cape","overall|All women","overall","All women",1041,127,938.0857,110.4956
"short_interval","Northern_Cape","overall|All women","overall","All women",718,49,172.9149,13.2451
"short_interval","Free_State","overall|All women","overall","All women",854,68,442.0306,37.9427
"short_interval","Kwazulu_Natal","overall|All women","overall","All women",1360,162,1616.362,195.4354
"short_interval","North_West","overall|All women","overall","All women",863,100,570.1324,62.0295
"short_interval","Gauteng","overall|All women","overall","All women",863,81,2284.2376,229.9621
"short_interval","Mpumalanga","overall|All women","overall","All women",1054,145,671.1749,94.2572
"short_interval","Limpopo","overall|All women","overall","All women",1105,111,823.876,79.8112
"short_interval","Western_Cape","residence|Urban","residence","Urban",634,51,973.5557,76.667
"short_interval","Western_Cape","residence|Rural","residence","Rural",22,1,21.6302,0.9018
"short_interval","Eastern_Cape","residence|Urban","residence","Urban",525,34,487.084,29.7803
"short_interval","Eastern_Cape","residence|Rural","residence","Rural",516,93,451.0016,80.7152
"short_interval","Northern_Cape","residence|Urban","residence","Urban",522,30,124.0993,8.3645
"short_interval","Northern_Cape","residence|Rural","residence","Rural",196,19,48.8156,4.8806
"short_interval","Free_State","residence|Urban","residence","Urban",755,57,381.5379,30.5052
"short_interval","Free_State","residence|Rural","residence","Rural",99,11,60.4927,7.4375
"short_interval","Kwazulu_Natal","residence|Urban","residence","Urban",641,65,840.4272,87.7935
"short_interval","Kwazulu_Natal","residence|Rural","residence","Rural",719,97,775.9349,107.6419
"short_interval","North_West","residence|Urban","residence","Urban",409,42,252.6987,25.9715
"short_interval","North_West","residence|Rural","residence","Rural",454,58,317.4336,36.058
"short_interval","Gauteng","residence|Urban","residence","Urban",775,76,2237.0133,226.7994
"short_interval","Gauteng","residence|Rural","residence","Rural",88,5,47.2243,3.1626
"short_interval","Mpumalanga","residence|Urban","residence","Urban",383,53,283.1659,41.002
"short_interval","Mpumalanga","residence|Rural","residence","Rural",671,92,388.009,53.2551
"short_interval","Limpopo","residence|Urban","residence","Urban",161,12,151.0035,10.4423
"short_interval","Limpopo","residence|Rural","residence","Rural",944,99,672.8724,69.3689
"short_interval","Western_Cape","wealth_index|Poor","wealth_index","Poor",89,7,131.9815,9.6617
"short_interval","Western_Cape","wealth_index|Middle","wealth_index","Middle",95,10,134.3945,12.8094
"short_interval","Western_Cape","wealth_index|Rich","wealth_index","Rich",472,35,728.8099,55.0977
"short_interval","Eastern_Cape","wealth_index|Poor","wealth_index","Poor",586,95,517.7799,83.6383
"short_interval","Eastern_Cape","wealth_index|Middle","wealth_index","Middle",175,18,162.055,14.2304
"short_interval","Eastern_Cape","wealth_index|Rich","wealth_index","Rich",280,14,258.2508,12.6268
"short_interval","Northern_Cape","wealth_index|Poor","wealth_index","Poor",210,23,55.7289,6.6144
"short_interval","Northern_Cape","wealth_index|Middle","wealth_index","Middle",166,10,39.9342,2.8401
"short_interval","Northern_Cape","wealth_index|Rich","wealth_index","Rich",342,16,77.2518,3.7906
"short_interval","Free_State","wealth_index|Poor","wealth_index","Poor",139,20,79.0522,11.4275
"short_interval","Free_State","wealth_index|Middle","wealth_index","Middle",290,21,148.7278,11.4801
"short_interval","Free_State","wealth_index|Rich","wealth_index","Rich",425,27,214.2506,15.0351
"short_interval","Kwazulu_Natal","wealth_index|Poor","wealth_index","Poor",713,90,774.0055,96.1469
"short_interval","Kwazulu_Natal","wealth_index|Middle","wealth_index","Middle",261,40,336.2446,55.2908
"short_interval","Kwazulu_Natal","wealth_index|Rich","wealth_index","Rich",386,32,506.112,43.9976
"short_interval","North_West","wealth_index|Poor","wealth_index","Poor",349,47,234.7603,32.0468
"short_interval","North_West","wealth_index|Middle","wealth_index","Middle",283,34,190.0086,18.4092
"short_interval","North_West","wealth_index|Rich","wealth_index","Rich",231,19,145.3634,11.5735
"short_interval","Gauteng","wealth_index|Poor","wealth_index","Poor",263,24,672.6425,61.7196
"short_interval","Gauteng","wealth_index|Middle","wealth_index","Middle",174,20,455.2888,64.603
"short_interval","Gauteng","wealth_index|Rich","wealth_index","Rich",426,37,1156.3064,103.6395
"short_interval","Mpumalanga","wealth_index|Poor","wealth_index","Poor",511,71,339.1661,48.5166
"short_interval","Mpumalanga","wealth_index|Middle","wealth_index","Middle",308,42,186.9047,25.2983
"short_interval","Mpumalanga","wealth_index|Rich","wealth_index","Rich",235,32,145.104,20.4423
"short_interval","Limpopo","wealth_index|Poor","wealth_index","Poor",768,85,558.2178,60.8408
"short_interval","Limpopo","wealth_index|Middle","wealth_index","Middle",204,16,150.9809,11.5963
"short_interval","Limpopo","wealth_index|Rich","wealth_index","Rich",133,10,114.6772,7.3741
"short_interval","Western_Cape","age_group|less_than_24","age_group","less_than_24",197,8,296.4692,11.6377
"short_interval","Western_Cape","age_group|25_to_29","age_group","25_to_29",90,4,139.6502,5.5078
"short_interval","Western_Cape","age_group|30_to_34","age_group","30_to_34",102,9,151.1355,12.1523
"short_interval","Western_Cape","age_group|35_to_39","age_group","35_to_39",96,10,152.247,18.1838
"short_interval","Western_Cape","age_group|40_and_higher","age_group","40_and_higher",171,21,255.6841,30.0873
"short_interval","Eastern_Cape","age_group|less_than_24","age_group","less_than_24",382,7,345.2287,5.1853
"short_interval","Eastern_Cape","age_group|25_to_29","age_group","25_to_29",147,21,132.9481,18.2131
"short_interval","Eastern_Cape","age_group|30_to_34","age_group","30_to_34",150,18,131.03,15.8054
"short_interval","Eastern_Cape","age_group|35_to_39","age_group","35_to_39",119,22,107.7081,18.8182
"short_interval","Eastern_Cape","age_group|40_and_higher","age_group","40_and_higher",243,59,221.1707,52.4736
"short_interval","Northern_Cape","age_group|less_than_24","age_group","less_than_24",226,4,54.3476,0.918
"short_interval","Northern_Cape","age_group|25_to_29","age_group","25_to_29",112,8,28.3245,2.3997
"short_interval","Northern_Cape","age_group|30_to_34","age_group","30_to_34",102,5,23.4995,0.9442
"short_interval","Northern_Cape","age_group|35_to_39","age_group","35_to_39",109,10,25.1921,3.0985
"short_interval","Northern_Cape","age_group|40_and_higher","age_group","40_and_higher",169,22,41.5512,5.8847
"short_interval","Free_State","age_group|less_than_24","age_group","less_than_24",286,4,147.6321,2.1066
"short_interval","Free_State","age_group|25_to_29","age_group","25_to_29",139,10,72.594,5.4882
"short_interval","Free_State","age_group|30_to_34","age_group","30_to_34",130,10,66.7495,5.1707
"short_interval","Free_State","age_group|35_to_39","age_group","35_to_39",98,7,49.9018,3.3039
"short_interval","Free_State","age_group|40_and_higher","age_group","40_and_higher",201,37,105.1532,21.8733
"short_interval","Kwazulu_Natal","age_group|less_than_24","age_group","less_than_24",532,21,609.0713,26.7656
"short_interval","Kwazulu_Natal","age_group|25_to_29","age_group","25_to_29",216,29,264.8622,33.8755
"short_interval","Kwazulu_Natal","age_group|30_to_34","age_group","30_to_34",217,26,263.5327,31.4673
"short_interval","Kwazulu_Natal","age_group|35_to_39","age_group","35_to_39",138,26,165.5545,33.4736
"short_interval","Kwazulu_Natal","age_group|40_and_higher","age_group","40_and_higher",257,60,313.3414,69.8534
"short_interval","North_West","age_group|less_than_24","age_group","less_than_24",252,6,164.5843,4.2194
"short_interval","North_West","age_group|25_to_29","age_group","25_to_29",160,19,104.5268,12.415
"short_interval","North_West","age_group|30_to_34","age_group","30_to_34",132,13,100.0515,11.11
"short_interval","North_West","age_group|35_to_39","age_group","35_to_39",114,26,75.9749,14.6574
"short_interval","North_West","age_group|40_and_higher","age_group","40_and_higher",205,36,124.995,19.6277
"short_interval","Gauteng","age_group|less_than_24","age_group","less_than_24",260,6,688.1199,18.9956
"short_interval","Gauteng","age_group|25_to_29","age_group","25_to_29",161,8,448.1256,25.3655
"short_interval","Gauteng","age_group|30_to_34","age_group","30_to_34",137,16,375.1694,47.8632
"short_interval","Gauteng","age_group|35_to_39","age_group","35_to_39",123,21,327.0343,62.6729
"short_interval","Gauteng","age_group|40_and_higher","age_group","40_and_higher",182,30,445.7884,75.0649
"short_interval","Mpumalanga","age_group|less_than_24","age_group","less_than_24",371,10,232.032,6.2537
"short_interval","Mpumalanga","age_group|25_to_29","age_group","25_to_29",214,23,135.7619,15.0796
"short_interval","Mpumalanga","age_group|30_to_34","age_group","30_to_34",168,31,106.0341,18.9169
"short_interval","Mpumalanga","age_group|35_to_39","age_group","35_to_39",106,24,73.4426,18.3645
"short_interval","Mpumalanga","age_group|40_and_higher","age_group","40_and_higher",195,57,123.9044,35.6425
"short_interval","Limpopo","age_group|less_than_24","age_group","less_than_24",407,6,304.0432,4.5322
"short_interval","Limpopo","age_group|25_to_29","age_group","25_to_29",158,13,116.744,9.0338
"short_interval","Limpopo","age_group|30_to_34","age_group","30_to_34",157,22,116.1229,15.6931
"short_interval","Limpopo","age_group|35_to_39","age_group","35_to_39",129,14,95.3497,9.4212
"short_interval","Limpopo","age_group|40_and_higher","age_group","40_and_higher",254,56,191.6162,41.1309
"short_interval","Western_Cape","education|No_education","education","No_education",10,0,14.7874,0
"short_interval","Western_Cape","education|Primary","education","Primary",46,7,60.5204,9.0139
"short_interval","Western_Cape","education|Secondary","education","Secondary",493,39,735.8711,59.3246
"short_interval","Western_Cape","education|Higher","education","Higher",107,6,184.0071,9.2303
"short_interval","Eastern_Cape","education|No_education","education","No_education",16,5,13.763,4.4158
"short_interval","Eastern_Cape","education|Primary","education","Primary",151,40,139.2502,35.925
"short_interval","Eastern_Cape","education|Secondary","education","Secondary",794,75,712.6698,64.1312
"short_interval","Eastern_Cape","education|Higher","education","Higher",80,7,72.4027,6.0235
"short_interval","Northern_Cape","education|No_education","education","No_education",20,3,4.6783,0.913
"short_interval","Northern_Cape","education|Primary","education","Primary",80,11,19.8113,3.3829
"short_interval","Northern_Cape","education|Secondary","education","Secondary",553,31,133.8623,8.1701
"short_interval","Northern_Cape","education|Higher","education","Higher",65,4,14.563,0.7792
"short_interval","Free_State","education|No_education","education","No_education",9,1,4.7132,0.5706
"short_interval","Free_State","education|Primary","education","Primary",71,12,39.1152,6.948
"short_interval","Free_State","education|Secondary","education","Secondary",692,49,355.8539,25.7894
"short_interval","Free_State","education|Higher","education","Higher",82,6,42.3483,4.6348
"short_interval","Kwazulu_Natal","education|No_education","education","No_education",48,16,49.5122,15.4453
"short_interval","Kwazulu_Natal","education|Primary","education","Primary",137,25,147.4371,28.6529
"short_interval","Kwazulu_Natal","education|Secondary","education","Secondary",1043,104,1255.8919,131.0817
"short_interval","Kwazulu_Natal","education|Higher","education","Higher",132,17,163.5208,20.2554
"short_interval","North_West","education|No_education","education","No_education",26,6,15.3161,3.6688
"short_interval","North_West","education|Primary","education","Primary",120,21,72.724,12.0973
"short_interval","North_West","education|Secondary","education","Secondary",654,70,438.5346,44.5378
"short_interval","North_West","education|Higher","education","Higher",63,3,43.5576,1.7257
"short_interval","Gauteng","education|No_education","education","No_education",12,4,35.4476,10.5632
"short_interval","Gauteng","education|Primary","education","Primary",59,7,164.4527,20.8632
"short_interval","Gauteng","education|Secondary","education","Secondary",661,62,1748.5386,179.6103
"short_interval","Gauteng","education|Higher","education","Higher",131,8,335.7987,18.9254
"short_interval","Mpumalanga","education|No_education","education","No_education",35,12,20.4259,7.5328
"short_interval","Mpumalanga","education|Primary","education","Primary",115,38,69.0675,20.5489
"short_interval","Mpumalanga","education|Secondary","education","Secondary",798,85,517.3461,60.354
"short_interval","Mpumalanga","education|Higher","education","Higher",106,10,64.3353,5.8215
"short_interval","Limpopo","education|No_education","education","No_education",14,4,9.5805,2.1586
"short_interval","Limpopo","education|Primary","education","Primary",83,13,61.9062,9.0448
"short_interval","Limpopo","education|Secondary","education","Secondary",893,83,664.8727,60.3464
"short_interval","Limpopo","education|Higher","education","Higher",115,11,87.5166,8.2614
"short_interval","Western_Cape","marital_status|Never_in_union","marital_status","Never_in_union",326,17,488.6783,24.0807
"short_interval","Western_Cape","marital_status|Living_with_partner","marital_status","Living_with_partner",71,8,107.5625,11.7697
"short_interval","Western_Cape","marital_status|Married","marital_status","Married",224,23,346.4607,36.2173
"short_interval","Western_Cape","marital_status|Widowed_or_Divorced_or_Separated","marital_status","Widowed_or_Divorced_or_Separated",35,4,52.4845,5.5011
"short_interval","Eastern_Cape","marital_status|Never_in_union","marital_status","Never_in_union",659,40,596.5039,34.2103
"short_interval","Eastern_Cape","marital_status|Living_with_partner","marital_status","Living_with_partner",67,9,56.7042,6.9628
"short_interval","Eastern_Cape","marital_status|Married","marital_status","Married",242,59,218.0146,51.7023
"short_interval","Eastern_Cape","marital_status|Widowed_or_Divorced_or_Separated","marital_status","Widowed_or_Divorced_or_Separated",73,19,66.8631,17.6202
"short_interval","Northern_Cape","marital_status|Never_in_union","marital_status","Never_in_union",402,13,95.8575,3.4814
"short_interval","Northern_Cape","marital_status|Living_with_partner","marital_status","Living_with_partner",122,10,29.674,2.4174
"short_interval","Northern_Cape","marital_status|Married","marital_status","Married",146,19,35.8951,5.5071
"short_interval","Northern_Cape","marital_status|Widowed_or_Divorced_or_Separated","marital_status","Widowed_or_Divorced_or_Separated",48,7,11.4882,1.8392
"short_interval","Free_State","marital_status|Never_in_union","marital_status","Never_in_union",487,15,249.8927,7.9541
"short_interval","Free_State","marital_status|Living_with_partner","marital_status","Living_with_partner",86,10,45.5817,5.1739
"short_interval","Free_State","marital_status|Married","marital_status","Married",192,30,100.0956,17.081
"short_interval","Free_State","marital_status|Widowed_or_Divorced_or_Separated","marital_status","Widowed_or_Divorced_or_Separated",89,13,46.4606,7.7337
"short_interval","Kwazulu_Natal","marital_status|Never_in_union","marital_status","Never_in_union",1045,90,1223.6071,106.127
"short_interval","Kwazulu_Natal","marital_status|Living_with_partner","marital_status","Living_with_partner",108,21,124.3539,25.7676
"short_interval","Kwazulu_Natal","marital_status|Married","marital_status","Married",180,41,236.5957,52.7752
"short_interval","Kwazulu_Natal","marital_status|Widowed_or_Divorced_or_Separated","marital_status","Widowed_or_Divorced_or_Separated",27,10,31.8054,10.7655
"short_interval","North_West","marital_status|Never_in_union","marital_status","Never_in_union",487,38,314.7413,25.3976
"short_interval","North_West","marital_status|Living_with_partner","marital_status","Living_with_partner",145,17,96.0943,10.838
"short_interval","North_West","marital_status|Married","marital_status","Married",162,32,119.0556,19.2087
"short_interval","North_West","marital_status|Widowed_or_Divorced_or_Separated","marital_status","Widowed_or_Divorced_or_Separated",69,13,40.2412,6.5852
"short_interval","Gauteng","marital_status|Never_in_union","marital_status","Never_in_union",430,30,1140.9057,91.5704
"short_interval","Gauteng","marital_status|Living_with_partner","marital_status","Living_with_partner",162,20,433.4473,58.2956
"short_interval","Gauteng","marital_status|Married","marital_status","Married",233,25,601.5202,64.7016
"short_interval","Gauteng","marital_status|Widowed_or_Divorced_or_Separated","marital_status","Widowed_or_Divorced_or_Separated",38,6,108.3644,15.3946
"short_interval","Mpumalanga","marital_status|Never_in_union","marital_status","Never_in_union",612,43,379.4085,26.7301
"short_interval","Mpumalanga","marital_status|Living_with_partner","marital_status","Living_with_partner",186,33,120.7416,20.9246
"short_interval","Mpumalanga","marital_status|Married","marital_status","Married",180,48,123.6287,34.0037
"short_interval","Mpumalanga","marital_status|Widowed_or_Divorced_or_Separated","marital_status","Widowed_or_Divorced_or_Separated",76,21,47.3961,12.5988
"short_interval","Limpopo","marital_status|Never_in_union","marital_status","Never_in_union",686,32,502.3561,21.5926
"short_interval","Limpopo","marital_status|Living_with_partner","marital_status","Living_with_partner",69,14,52.1815,10.795
"short_interval","Limpopo","marital_status|Married","marital_status","Married",266,45,202.2115,31.6865
"short_interval","Limpopo","marital_status|Widowed_or_Divorced_or_Separated","marital_status","Widowed_or_Divorced_or_Separated",84,20,67.1269,15.7371
"short_interval","Western_Cape","ever_used_fp|No","ever_used_fp","No",232,17,339.9243,23.5814
"short_interval","Western_Cape","ever_used_fp|Yes","ever_used_fp","Yes",424,35,655.2616,53.9874
"short_interval","Eastern_Cape","ever_used_fp|No","ever_used_fp","No",226,16,204.0935,14.5789
"short_interval","Eastern_Cape","ever_used_fp|Yes","ever_used_fp","Yes",815,111,733.9921,95.9167
"short_interval","Northern_Cape","ever_used_fp|No","ever_used_fp","No",274,7,64.2396,2.1679
"short_interval","Northern_Cape","ever_used_fp|Yes","ever_used_fp","Yes",444,42,108.6753,11.0772
"short_interval","Free_State","ever_used_fp|No","ever_used_fp","No",360,20,185.4276,10.7835
"short_interval","Free_State","ever_used_fp|Yes","ever_used_fp","Yes",494,48,256.603,27.1592
"short_interval","Kwazulu_Natal","ever_used_fp|No","ever_used_fp","No",588,46,662.4716,51.4769
"short_interval","Kwazulu_Natal","ever_used_fp|Yes","ever_used_fp","Yes",772,116,953.8904,143.9585
"short_interval","North_West","ever_used_fp|No","ever_used_fp","No",213,20,128.2544,11.6461
"short_interval","North_West","ever_used_fp|Yes","ever_used_fp","Yes",650,80,441.878,50.3834
"short_interval","Gauteng","ever_used_fp|No","ever_used_fp","No",284,18,731.3815,43.7842
"short_interval","Gauteng","ever_used_fp|Yes","ever_used_fp","Yes",579,63,1552.8561,186.1779
"short_interval","Mpumalanga","ever_used_fp|No","ever_used_fp","No",303,23,188.3744,13.3725
"short_interval","Mpumalanga","ever_used_fp|Yes","ever_used_fp","Yes",751,122,482.8005,80.8847
"short_interval","Limpopo","ever_used_fp|No","ever_used_fp","No",443,36,322.6965,24.308
"short_interval","Limpopo","ever_used_fp|Yes","ever_used_fp","Yes",662,75,501.1795,55.5032
"high_parity","Western_Cape","overall|All women","overall","All women",656,60,995.1859,83.4555
"high_parity","Eastern_Cape","overall|All women","overall","All women",1041,136,938.0857,119.7299
"high_parity","Northern_Cape","overall|All women","overall","All women",718,66,172.9149,18.8747
"high_parity","Free_State","overall|All women","overall","All women",854,68,442.0306,36.8909
"high_parity","Kwazulu_Natal","overall|All women","overall","All women",1360,140,1616.362,162.7206
"high_parity","North_West","overall|All women","overall","All women",863,114,570.1324,62.634
"high_parity","Gauteng","overall|All women","overall","All women",863,83,2284.2376,214.4616
"high_parity","Mpumalanga","overall|All women","overall","All women",1054,157,671.1749,97.9266
"high_parity","Limpopo","overall|All women","overall","All women",1105,161,823.876,119.1594
"high_parity","Western_Cape","residence|Urban","residence","Urban",634,59,973.5557,82.9472
"high_parity","Western_Cape","residence|Rural","residence","Rural",22,1,21.6302,0.5083
"high_parity","Eastern_Cape","residence|Urban","residence","Urban",525,42,487.084,36.8319
"high_parity","Eastern_Cape","residence|Rural","residence","Rural",516,94,451.0016,82.8979
"high_parity","Northern_Cape","residence|Urban","residence","Urban",522,42,124.0993,12.7622
"high_parity","Northern_Cape","residence|Rural","residence","Rural",196,24,48.8156,6.1126
"high_parity","Free_State","residence|Urban","residence","Urban",755,60,381.5379,31.943
"high_parity","Free_State","residence|Rural","residence","Rural",99,8,60.4927,4.9478
"high_parity","Kwazulu_Natal","residence|Urban","residence","Urban",641,54,840.4272,71.9389
"high_parity","Kwazulu_Natal","residence|Rural","residence","Rural",719,86,775.9349,90.7817
"high_parity","North_West","residence|Urban","residence","Urban",409,47,252.6987,26.3878
"high_parity","North_West","residence|Rural","residence","Rural",454,67,317.4336,36.2463
"high_parity","Gauteng","residence|Urban","residence","Urban",775,76,2237.0133,209.7058
"high_parity","Gauteng","residence|Rural","residence","Rural",88,7,47.2243,4.7558
"high_parity","Mpumalanga","residence|Urban","residence","Urban",383,46,283.1659,34.761
"high_parity","Mpumalanga","residence|Rural","residence","Rural",671,111,388.009,63.1656
"high_parity","Limpopo","residence|Urban","residence","Urban",161,16,151.0035,15.4296
"high_parity","Limpopo","residence|Rural","residence","Rural",944,145,672.8724,103.7297
"high_parity","Western_Cape","wealth_index|Poor","wealth_index","Poor",89,9,131.9815,12.6078
"high_parity","Western_Cape","wealth_index|Middle","wealth_index","Middle",95,12,134.3945,16.6245
"high_parity","Western_Cape","wealth_index|Rich","wealth_index","Rich",472,39,728.8099,54.2232
"high_parity","Eastern_Cape","wealth_index|Poor","wealth_index","Poor",586,99,517.7799,86.9989
"high_parity","Eastern_Cape","wealth_index|Middle","wealth_index","Middle",175,18,162.055,15.2279
"high_parity","Eastern_Cape","wealth_index|Rich","wealth_index","Rich",280,19,258.2508,17.503
"high_parity","Northern_Cape","wealth_index|Poor","wealth_index","Poor",210,28,55.7289,8.0424
"high_parity","Northern_Cape","wealth_index|Middle","wealth_index","Middle",166,17,39.9342,4.7788
"high_parity","Northern_Cape","wealth_index|Rich","wealth_index","Rich",342,21,77.2518,6.0535
"high_parity","Free_State","wealth_index|Poor","wealth_index","Poor",139,21,79.0522,12.1181
"high_parity","Free_State","wealth_index|Middle","wealth_index","Middle",290,29,148.7278,14.9009
"high_parity","Free_State","wealth_index|Rich","wealth_index","Rich",425,18,214.2506,9.8719
"high_parity","Kwazulu_Natal","wealth_index|Poor","wealth_index","Poor",713,96,774.0055,102.8422
"high_parity","Kwazulu_Natal","wealth_index|Middle","wealth_index","Middle",261,27,336.2446,36.1188
"high_parity","Kwazulu_Natal","wealth_index|Rich","wealth_index","Rich",386,17,506.112,23.7596
"high_parity","North_West","wealth_index|Poor","wealth_index","Poor",349,59,234.7603,33.382
"high_parity","North_West","wealth_index|Middle","wealth_index","Middle",283,38,190.0086,20.1147
"high_parity","North_West","wealth_index|Rich","wealth_index","Rich",231,17,145.3634,9.1373
"high_parity","Gauteng","wealth_index|Poor","wealth_index","Poor",263,38,672.6425,95.4613
"high_parity","Gauteng","wealth_index|Middle","wealth_index","Middle",174,20,455.2888,51.7285
"high_parity","Gauteng","wealth_index|Rich","wealth_index","Rich",426,25,1156.3064,67.2718
"high_parity","Mpumalanga","wealth_index|Poor","wealth_index","Poor",511,83,339.1661,54.1685
"high_parity","Mpumalanga","wealth_index|Middle","wealth_index","Middle",308,48,186.9047,27.9708
"high_parity","Mpumalanga","wealth_index|Rich","wealth_index","Rich",235,26,145.104,15.7872
"high_parity","Limpopo","wealth_index|Poor","wealth_index","Poor",768,125,558.2178,91.0335
"high_parity","Limpopo","wealth_index|Middle","wealth_index","Middle",204,26,150.9809,18.3785
"high_parity","Limpopo","wealth_index|Rich","wealth_index","Rich",133,10,114.6772,9.7474
"high_parity","Western_Cape","age_group|less_than_24","age_group","less_than_24",197,0,296.4692,0
"high_parity","Western_Cape","age_group|25_to_29","age_group","25_to_29",90,2,139.6502,2.8876
"high_parity","Western_Cape","age_group|30_to_34","age_group","30_to_34",102,4,151.1355,5.5736
"high_parity","Western_Cape","age_group|35_to_39","age_group","35_to_39",96,15,152.247,22.2806
"high_parity","Western_Cape","age_group|40_and_higher","age_group","40_and_higher",171,39,255.6841,52.7137
"high_parity","Eastern_Cape","age_group|less_than_24","age_group","less_than_24",382,1,345.2287,0.5461
"high_parity","Eastern_Cape","age_group|25_to_29","age_group","25_to_29",147,5,132.9481,4.6615
"high_parity","Eastern_Cape","age_group|30_to_34","age_group","30_to_34",150,20,131.03,17.4541
"high_parity","Eastern_Cape","age_group|35_to_39","age_group","35_to_39",119,31,107.7081,27.3998
"high_parity","Eastern_Cape","age_group|40_and_higher","age_group","40_and_higher",243,79,221.1707,69.6684
"high_parity","Northern_Cape","age_group|less_than_24","age_group","less_than_24",226,0,54.3476,0
"high_parity","Northern_Cape","age_group|25_to_29","age_group","25_to_29",112,4,28.3245,1.3329
"high_parity","Northern_Cape","age_group|30_to_34","age_group","30_to_34",102,7,23.4995,1.9484
"high_parity","Northern_Cape","age_group|35_to_39","age_group","35_to_39",109,14,25.1921,4.0184
"high_parity","Northern_Cape","age_group|40_and_higher","age_group","40_and_higher",169,41,41.5512,11.575
"high_parity","Free_State","age_group|less_than_24","age_group","less_than_24",286,0,147.6321,0
"high_parity","Free_State","age_group|25_to_29","age_group","25_to_29",139,2,72.594,0.9271
"high_parity","Free_State","age_group|30_to_34","age_group","30_to_34",130,9,66.7495,4.7108
"high_parity","Free_State","age_group|35_to_39","age_group","35_to_39",98,12,49.9018,6.1985
"high_parity","Free_State","age_group|40_and_higher","age_group","40_and_higher",201,45,105.1532,25.0544
"high_parity","Kwazulu_Natal","age_group|less_than_24","age_group","less_than_24",532,2,609.0713,2.5794
"high_parity","Kwazulu_Natal","age_group|25_to_29","age_group","25_to_29",216,5,264.8622,5.1742
"high_parity","Kwazulu_Natal","age_group|30_to_34","age_group","30_to_34",217,20,263.5327,21.4924
"high_parity","Kwazulu_Natal","age_group|35_to_39","age_group","35_to_39",138,33,165.5545,39.4628
"high_parity","Kwazulu_Natal","age_group|40_and_higher","age_group","40_and_higher",257,80,313.3414,94.0119
"high_parity","North_West","age_group|less_than_24","age_group","less_than_24",252,0,164.5843,0
"high_parity","North_West","age_group|25_to_29","age_group","25_to_29",160,3,104.5268,1.5772
"high_parity","North_West","age_group|30_to_34","age_group","30_to_34",132,12,100.0515,6.9147
"high_parity","North_West","age_group|35_to_39","age_group","35_to_39",114,25,75.9749,14.418
"high_parity","North_West","age_group|40_and_higher","age_group","40_and_higher",205,74,124.995,39.7241
"high_parity","Gauteng","age_group|less_than_24","age_group","less_than_24",260,0,688.1199,0
"high_parity","Gauteng","age_group|25_to_29","age_group","25_to_29",161,5,448.1256,13.2065
"high_parity","Gauteng","age_group|30_to_34","age_group","30_to_34",137,15,375.1694,40.3842
"high_parity","Gauteng","age_group|35_to_39","age_group","35_to_39",123,17,327.0343,48.0295
"high_parity","Gauteng","age_group|40_and_higher","age_group","40_and_higher",182,46,445.7884,112.8414
"high_parity","Mpumalanga","age_group|less_than_24","age_group","less_than_24",371,2,232.032,1.3657
"high_parity","Mpumalanga","age_group|25_to_29","age_group","25_to_29",214,8,135.7619,4.765
"high_parity","Mpumalanga","age_group|30_to_34","age_group","30_to_34",168,28,106.0341,16.7909
"high_parity","Mpumalanga","age_group|35_to_39","age_group","35_to_39",106,29,73.4426,19.4646
"high_parity","Mpumalanga","age_group|40_and_higher","age_group","40_and_higher",195,90,123.9044,55.5404
"high_parity","Limpopo","age_group|less_than_24","age_group","less_than_24",407,1,304.0432,0.7695
"high_parity","Limpopo","age_group|25_to_29","age_group","25_to_29",158,5,116.744,3.6265
"high_parity","Limpopo","age_group|30_to_34","age_group","30_to_34",157,23,116.1229,16.9224
"high_parity","Limpopo","age_group|35_to_39","age_group","35_to_39",129,26,95.3497,18.9005
"high_parity","Limpopo","age_group|40_and_higher","age_group","40_and_higher",254,106,191.6162,78.9404
"high_parity","Western_Cape","education|No_education","education","No_education",10,1,14.7874,0.9781
"high_parity","Western_Cape","education|Primary","education","Primary",46,17,60.5204,20.8699
"high_parity","Western_Cape","education|Secondary","education","Secondary",493,37,735.8711,53.6825
"high_parity","Western_Cape","education|Higher","education","Higher",107,5,184.0071,7.925
"high_parity","Eastern_Cape","education|No_education","education","No_education",16,7,13.763,6.1702
"high_parity","Eastern_Cape","education|Primary","education","Primary",151,53,139.2502,46.6338
"high_parity","Eastern_Cape","education|Secondary","education","Secondary",794,72,712.6698,63.5418
"high_parity","Eastern_Cape","education|Higher","education","Higher",80,4,72.4027,3.3841
"high_parity","Northern_Cape","education|No_education","education","No_education",20,5,4.6783,1.3859
"high_parity","Northern_Cape","education|Primary","education","Primary",80,17,19.8113,5.0155
"high_parity","Northern_Cape","education|Secondary","education","Secondary",553,39,133.8623,11.437
"high_parity","Northern_Cape","education|Higher","education","Higher",65,5,14.563,1.0363
"high_parity","Free_State","education|No_education","education","No_education",9,2,4.7132,1.0404
"high_parity","Free_State","education|Primary","education","Primary",71,18,39.1152,10.1379
"high_parity","Free_State","education|Secondary","education","Secondary",692,47,355.8539,24.5649
"high_parity","Free_State","education|Higher","education","Higher",82,1,42.3483,1.1476
"high_parity","Kwazulu_Natal","education|No_education","education","No_education",48,22,49.5122,25.544
"high_parity","Kwazulu_Natal","education|Primary","education","Primary",137,41,147.4371,41.7642
"high_parity","Kwazulu_Natal","education|Secondary","education","Secondary",1043,69,1255.8919,83.7814
"high_parity","Kwazulu_Natal","education|Higher","education","Higher",132,8,163.5208,11.631
"high_parity","North_West","education|No_education","education","No_education",26,11,15.3161,6.0247
"high_parity","North_West","education|Primary","education","Primary",120,35,72.724,18.5408
"high_parity","North_West","education|Secondary","education","Secondary",654,67,438.5346,37.6287
"high_parity","North_West","education|Higher","education","Higher",63,1,43.5576,0.4398
"high_parity","Gauteng","education|No_education","education","No_education",12,3,35.4476,10.6416
"high_parity","Gauteng","education|Primary","education","Primary",59,13,164.4527,31.1967
"high_parity","Gauteng","education|Secondary","education","Secondary",661,62,1748.5386,160.4692
"high_parity","Gauteng","education|Higher","education","Higher",131,5,335.7987,12.1542
"high_parity","Mpumalanga","education|No_education","education","No_education",35,20,20.4259,12.1038
"high_parity","Mpumalanga","education|Primary","education","Primary",115,44,69.0675,24.4056
"high_parity","Mpumalanga","education|Secondary","education","Secondary",798,83,517.3461,55.4619
"high_parity","Mpumalanga","education|Higher","education","Higher",106,10,64.3353,5.9553
"high_parity","Limpopo","education|No_education","education","No_education",14,7,9.5805,4.5277
"high_parity","Limpopo","education|Primary","education","Primary",83,36,61.9062,27.0076
"high_parity","Limpopo","education|Secondary","education","Secondary",893,110,664.8727,81.7822
"high_parity","Limpopo","education|Higher","education","Higher",115,8,87.5166,5.8419
"high_parity","Western_Cape","marital_status|Never_in_union","marital_status","Never_in_union",326,11,488.6783,14.956
"high_parity","Western_Cape","marital_status|Living_with_partner","marital_status","Living_with_partner",71,13,107.5625,16.4778
"high_parity","Western_Cape","marital_status|Married","marital_status","Married",224,29,346.4607,42.3837
"high_parity","Western_Cape","marital_status|Widowed_or_Divorced_or_Separated","marital_status","Widowed_or_Divorced_or_Separated",35,7,52.4845,9.638
"high_parity","Eastern_Cape","marital_status|Never_in_union","marital_status","Never_in_union",659,35,596.5039,31.3805
"high_parity","Eastern_Cape","marital_status|Living_with_partner","marital_status","Living_with_partner",67,11,56.7042,8.8638
"high_parity","Eastern_Cape","marital_status|Married","marital_status","Married",242,66,218.0146,57.8653
"high_parity","Eastern_Cape","marital_status|Widowed_or_Divorced_or_Separated","marital_status","Widowed_or_Divorced_or_Separated",73,24,66.8631,21.6202
"high_parity","Northern_Cape","marital_status|Never_in_union","marital_status","Never_in_union",402,17,95.8575,4.4188
"high_parity","Northern_Cape","marital_status|Living_with_partner","marital_status","Living_with_partner",122,17,29.674,4.8669
"high_parity","Northern_Cape","marital_status|Married","marital_status","Married",146,21,35.8951,6.8692
"high_parity","Northern_Cape","marital_status|Widowed_or_Divorced_or_Separated","marital_status","Widowed_or_Divorced_or_Separated",48,11,11.4882,2.7197
"high_parity","Free_State","marital_status|Never_in_union","marital_status","Never_in_union",487,10,249.8927,4.7639
"high_parity","Free_State","marital_status|Living_with_partner","marital_status","Living_with_partner",86,11,45.5817,6.3825
"high_parity","Free_State","marital_status|Married","marital_status","Married",192,32,100.0956,17.5765
"high_parity","Free_State","marital_status|Widowed_or_Divorced_or_Separated","marital_status","Widowed_or_Divorced_or_Separated",89,15,46.4606,8.1681
"high_parity","Kwazulu_Natal","marital_status|Never_in_union","marital_status","Never_in_union",1045,58,1223.6071,66.6121
"high_parity","Kwazulu_Natal","marital_status|Living_with_partner","marital_status","Living_with_partner",108,27,124.3539,30.8745
"high_parity","Kwazulu_Natal","marital_status|Married","marital_status","Married",180,43,236.5957,52.746
"high_parity","Kwazulu_Natal","marital_status|Widowed_or_Divorced_or_Separated","marital_status","Widowed_or_Divorced_or_Separated",27,12,31.8054,12.488
"high_parity","North_West","marital_status|Never_in_union","marital_status","Never_in_union",487,35,314.7413,19.5806
"high_parity","North_West","marital_status|Living_with_partner","marital_status","Living_with_partner",145,23,96.0943,12.7491
"high_parity","North_West","marital_status|Married","marital_status","Married",162,37,119.0556,20.3107
"high_parity","North_West","marital_status|Widowed_or_Divorced_or_Separated","marital_status","Widowed_or_Divorced_or_Separated",69,19,40.2412,9.9936
"high_parity","Gauteng","marital_status|Never_in_union","marital_status","Never_in_union",430,18,1140.9057,51.75
"high_parity","Gauteng","marital_status|Living_with_partner","marital_status","Living_with_partner",162,21,433.4473,46.7347
"high_parity","Gauteng","marital_status|Married","marital_status","Married",233,36,601.5202,92.9619
"high_parity","Gauteng","marital_status|Widowed_or_Divorced_or_Separated","marital_status","Widowed_or_Divorced_or_Separated",38,8,108.3644,23.015
"high_parity","Mpumalanga","marital_status|Never_in_union","marital_status","Never_in_union",612,32,379.4085,19.1807
"high_parity","Mpumalanga","marital_status|Living_with_partner","marital_status","Living_with_partner",186,40,120.7416,24.1164
"high_parity","Mpumalanga","marital_status|Married","marital_status","Married",180,60,123.6287,40.6913
"high_parity","Mpumalanga","marital_status|Widowed_or_Divorced_or_Separated","marital_status","Widowed_or_Divorced_or_Separated",76,25,47.3961,13.9382
"high_parity","Limpopo","marital_status|Never_in_union","marital_status","Never_in_union",686,43,502.3561,31.8278
"high_parity","Limpopo","marital_status|Living_with_partner","marital_status","Living_with_partner",69,17,52.1815,13.6438
"high_parity","Limpopo","marital_status|Married","marital_status","Married",266,73,202.2115,51.7206
"high_parity","Limpopo","marital_status|Widowed_or_Divorced_or_Separated","marital_status","Widowed_or_Divorced_or_Separated",84,28,67.1269,21.9672
"high_parity","Western_Cape","ever_used_fp|No","ever_used_fp","No",232,26,339.9243,34.3937
"high_parity","Western_Cape","ever_used_fp|Yes","ever_used_fp","Yes",424,34,655.2616,49.0619
"high_parity","Eastern_Cape","ever_used_fp|No","ever_used_fp","No",226,20,204.0935,17.2411
"high_parity","Eastern_Cape","ever_used_fp|Yes","ever_used_fp","Yes",815,116,733.9921,102.4888
"high_parity","Northern_Cape","ever_used_fp|No","ever_used_fp","No",274,16,64.2396,4.3125
"high_parity","Northern_Cape","ever_used_fp|Yes","ever_used_fp","Yes",444,50,108.6753,14.5622
"high_parity","Free_State","ever_used_fp|No","ever_used_fp","No",360,22,185.4276,12.5312
"high_parity","Free_State","ever_used_fp|Yes","ever_used_fp","Yes",494,46,256.603,24.3597
"high_parity","Kwazulu_Natal","ever_used_fp|No","ever_used_fp","No",588,53,662.4716,58.9488
"high_parity","Kwazulu_Natal","ever_used_fp|Yes","ever_used_fp","Yes",772,87,953.8904,103.7718
"high_parity","North_West","ever_used_fp|No","ever_used_fp","No",213,21,128.2544,12.1332
"high_parity","North_West","ever_used_fp|Yes","ever_used_fp","Yes",650,93,441.878,50.5008
"high_parity","Gauteng","ever_used_fp|No","ever_used_fp","No",284,16,731.3815,39.4657
"high_parity","Gauteng","ever_used_fp|Yes","ever_used_fp","Yes",579,67,1552.8561,174.996
"high_parity","Mpumalanga","ever_used_fp|No","ever_used_fp","No",303,33,188.3744,18.7067
"high_parity","Mpumalanga","ever_used_fp|Yes","ever_used_fp","Yes",751,124,482.8005,79.2199
"high_parity","Limpopo","ever_used_fp|No","ever_used_fp","No",443,49,322.6965,35.3981
"high_parity","Limpopo","ever_used_fp|Yes","ever_used_fp","Yes",662,112,501.1795,83.7612
