"outcome_key","variable","chi_sq","df","p_value","cramers_v","small_expected","significant","variable_label"
"birth_before18","age_group",38.47,4,8.98e-08,0.067,0,"Yes","Age group"
"birth_before18","province",77.2,8,1.78e-13,0.095,0,"Yes","Province"
"birth_before18","residence",27.08,1,1.95e-07,0.057,0,"Yes","Urban or rural residence"
"birth_before18","ethnicity",45.14,2,1.58e-10,0.073,0,"Yes","Ethnicity"
"birth_before18","hh_head_sex",0.73,1,0.392,0.01,0,"No","Sex of household head"
"birth_before18","education",180.72,3,6.18e-39,0.146,0,"Yes","Highest education level"
"birth_before18","literacy",71.2,2,3.46e-16,0.091,0,"Yes","Literacy"
"birth_before18","wealth_index",105.63,2,1.16e-23,0.111,0,"Yes","Wealth index (3 groups)"
"birth_before18","currently_working",1.48,1,0.223,0.014,0,"No","Currently working"
"birth_before18","occupation",61.37,8,2.51e-10,0.085,0,"Yes","Occupation"
"birth_before18","marital_status",73.26,3,8.54e-16,0.093,0,"Yes","Marital status"
"birth_before18","ever_used_fp",82.92,1,8.54e-20,0.099,0,"Yes","Ever used family planning"
"birth_before18","unmet_need",180.6,4,5.54e-38,0.146,0,"Yes","Unmet need for contraception"
"birth_before18","reads_newspaper",53.16,2,2.86e-12,0.079,0,"Yes","Reads newspaper"
"birth_before18","listens_radio",27.04,2,1.34e-06,0.056,0,"Yes","Listens to radio"
"birth_before18","watches_tv",25.97,2,2.3e-06,0.055,0,"Yes","Watches TV"
"birth_before18","owns_mobile",0.01,1,0.925,0.002,0,"No","Owns mobile phone"
"birth_before18","uses_internet",109.12,2,2.02e-24,0.113,0,"Yes","Uses internet"
"birth_before18","heard_fp_radio",0.83,1,0.362,0.01,0,"No","Heard FP on radio"
"birth_before18","heard_fp_tv",2.88,1,0.0899,0.019,0,"No","Heard FP on TV"
"birth_before18","heard_fp_paper",13.61,1,0.000225,0.04,0,"Yes","Heard FP in newspaper"
"birth_before18","consumes_media",15.57,1,7.96e-05,0.043,0,"Yes","Media exposure"
"birth_before18","heard_fp_from_media",1.41,1,0.235,0.013,0,"No","Heard about family planning in media"
"birth_after34","age_group",145.22,1,1.92e-33,0.224,0,"Yes","Age group"
"birth_after34","province",13.03,8,0.111,0.067,0,"No","Province"
"birth_after34","residence",16.84,1,4.06e-05,0.077,0,"Yes","Urban or rural residence"
"birth_after34","ethnicity",20.3,2,3.91e-05,0.084,0,"Yes","Ethnicity"
"birth_after34","hh_head_sex",0.66,1,0.418,0.016,0,"No","Sex of household head"
"birth_after34","education",21.55,3,8.1e-05,0.086,0,"Yes","Highest education level"
"birth_after34","literacy",12.51,2,0.00193,0.066,0,"Yes","Literacy"
"birth_after34","wealth_index",35.1,2,2.38e-08,0.11,0,"Yes","Wealth index (3 groups)"
"birth_after34","currently_working",9.88,1,0.00167,0.059,0,"Yes","Currently working"
"birth_after34","occupation",24.34,8,0.00201,0.091,0,"Yes","Occupation"
"birth_after34","marital_status",11.08,3,0.0113,0.062,0,"Yes","Marital status"
"birth_after34","ever_used_fp",23.32,1,1.37e-06,0.09,0,"Yes","Ever used family planning"
"birth_after34","unmet_need",76.55,4,9.37e-16,0.162,0,"Yes","Unmet need for contraception"
"birth_after34","reads_newspaper",20.23,2,4.05e-05,0.083,0,"Yes","Reads newspaper"
"birth_after34","listens_radio",19.48,2,5.9e-05,0.082,0,"Yes","Listens to radio"
"birth_after34","watches_tv",8.31,2,0.0157,0.053,0,"Yes","Watches TV"
"birth_after34","owns_mobile",12.56,1,0.000393,0.067,0,"Yes","Owns mobile phone"
"birth_after34","uses_internet",38.96,2,3.47e-09,0.116,0,"Yes","Uses internet"
"birth_after34","heard_fp_radio",0.57,1,0.452,0.015,0,"No","Heard FP on radio"
"birth_after34","heard_fp_tv",1.87,1,0.172,0.026,0,"No","Heard FP on TV"
"birth_after34","heard_fp_paper",6.06,1,0.0138,0.046,0,"Yes","Heard FP in newspaper"
"birth_after34","consumes_media",8.08,1,0.00448,0.054,0,"Yes","Media exposure"
"birth_after34","heard_fp_from_media",3,1,0.083,0.033,0,"No","Heard about family planning in media"
"short_interval","age_group",415.08,4,1.54e-88,0.221,0,"Yes","Age group"
"short_interval","province",41.2,8,1.91e-06,0.07,0,"Yes","Province"
"short_interval","residence",36.35,1,1.65e-09,0.066,0,"Yes","Urban or rural residence"
"short_interval","ethnicity",11.85,2,0.00267,0.037,0,"Yes","Ethnicity"
"short_interval","hh_head_sex",4.27,1,0.0387,0.023,0,"Yes","Sex of household head"
"short_interval","education",158.95,3,3.09e-34,0.137,0,"Yes","Highest education level"
"short_interval","literacy",101.06,2,1.13e-22,0.109,0,"Yes","Literacy"
"short_interval","wealth_index",46.04,2,1.01e-10,0.074,0,"Yes","Wealth index (3 groups)"
"short_interval","currently_working",11.83,1,0.000584,0.038,0,"Yes","Currently working"
"short_interval","occupation",40.12,8,3.04e-06,0.069,0,"Yes","Occupation"
"short_interval","marital_status",276,3,1.55e-59,0.18,0,"Yes","Marital status"
"short_interval","ever_used_fp",59.63,1,1.14e-14,0.084,0,"Yes","Ever used family planning"
"short_interval","unmet_need",277.33,4,8.37e-59,0.18,0,"Yes","Unmet need for contraception"
"short_interval","reads_newspaper",35.21,2,2.26e-08,0.064,0,"Yes","Reads newspaper"
"short_interval","listens_radio",12.66,2,0.00178,0.039,0,"Yes","Listens to radio"
"short_interval","watches_tv",21.55,2,2.1e-05,0.05,0,"Yes","Watches TV"
"short_interval","owns_mobile",3.78,1,0.0519,0.022,0,"No","Owns mobile phone"
"short_interval","uses_internet",116.16,2,5.99e-26,0.117,0,"Yes","Uses internet"
"short_interval","heard_fp_radio",0.02,1,0.899,0.002,0,"No","Heard FP on radio"
"short_interval","heard_fp_tv",5.42,1,0.0199,0.026,0,"Yes","Heard FP on TV"
"short_interval","heard_fp_paper",9.24,1,0.00237,0.033,0,"Yes","Heard FP in newspaper"
"short_interval","consumes_media",29.83,1,4.71e-08,0.06,0,"Yes","Media exposure"
"short_interval","heard_fp_from_media",3.75,1,0.0528,0.021,0,"No","Heard about family planning in media"
"high_parity","age_group",1301.81,4,1.35e-280,0.391,0,"Yes","Age group"
"high_parity","province",49.63,8,4.81e-08,0.076,0,"Yes","Province"
"high_parity","residence",60.05,1,9.26e-15,0.084,0,"Yes","Urban or rural residence"
"high_parity","ethnicity",27.07,2,1.32e-06,0.056,0,"Yes","Ethnicity"
"high_parity","hh_head_sex",1.65,1,0.199,0.014,0,"No","Sex of household head"
"high_parity","education",584.97,3,1.82e-126,0.262,0,"Yes","Highest education level"
"high_parity","literacy",291.23,2,5.76e-64,0.185,0,"Yes","Literacy"
"high_parity","wealth_index",123.95,2,1.21e-27,0.121,0,"Yes","Wealth index (3 groups)"
"high_parity","currently_working",8.63,1,0.00331,0.032,0,"Yes","Currently working"
"high_parity","occupation",110.27,8,3.35e-20,0.114,0,"Yes","Occupation"
"high_parity","marital_status",572.29,3,1.02e-123,0.259,0,"Yes","Marital status"
"high_parity","ever_used_fp",33.96,1,5.62e-09,0.064,0,"Yes","Ever used family planning"
"high_parity","unmet_need",506.42,4,2.74e-108,0.244,0,"Yes","Unmet need for contraception"
"high_parity","reads_newspaper",162.75,2,4.56e-36,0.138,0,"Yes","Reads newspaper"
"high_parity","listens_radio",36.27,2,1.33e-08,0.065,0,"Yes","Listens to radio"
"high_parity","watches_tv",52.96,2,3.16e-12,0.079,0,"Yes","Watches TV"
"high_parity","owns_mobile",4.62,1,0.0315,0.024,0,"Yes","Owns mobile phone"
"high_parity","uses_internet",437.09,2,1.22e-95,0.227,0,"Yes","Uses internet"
"high_parity","heard_fp_radio",0.65,1,0.419,0.009,0,"No","Heard FP on radio"
"high_parity","heard_fp_tv",21.73,1,3.14e-06,0.051,0,"Yes","Heard FP on TV"
"high_parity","heard_fp_paper",54.36,1,1.67e-13,0.08,0,"Yes","Heard FP in newspaper"
"high_parity","consumes_media",66.01,1,4.49e-16,0.089,0,"Yes","Media exposure"
"high_parity","heard_fp_from_media",22.56,1,2.04e-06,0.052,0,"Yes","Heard about family planning in media"
