"outcome_key","variable","variable_label","level","level_label","reference_level","odds_ratio","ci_lower","ci_upper","p_value","log_or","significant","direction"
"birth_before18","age_group","Age group","25_to_29","25 to 29","less_than_24",1.13,0.94,1.359,0.194,0.1222,"No","Not significant"
"birth_before18","age_group","Age group","30_to_34","30 to 34","less_than_24",0.791,0.643,0.974,0.0273,-0.2345,"Yes","Lower risk"
"birth_before18","age_group","Age group","35_to_39","35 to 39","less_than_24",0.867,0.694,1.083,0.21,-0.1427,"No","Not significant"
"birth_before18","age_group","Age group","40_and_higher","40 and higher","less_than_24",1.017,0.832,1.243,0.87,0.0169,"No","Not significant"
"birth_before18","province","Province","Eastern_Cape","Eastern Cape","Western_Cape",1.115,0.803,1.548,0.516,0.1089,"No","Not significant"
"birth_before18","province","Province","Northern_Cape","Northern Cape","Western_Cape",1.073,0.773,1.489,0.673,0.0705,"No","Not significant"
"birth_before18","province","Province","Free_State","Free State","Western_Cape",0.916,0.643,1.305,0.627,-0.0877,"No","Not significant"
"birth_before18","province","Province","Kwazulu_Natal","Kwazulu Natal","Western_Cape",1.207,0.867,1.682,0.265,0.1881,"No","Not significant"
"birth_before18","province","Province","North_West","North West","Western_Cape",1.115,0.793,1.569,0.532,0.1089,"No","Not significant"
"birth_before18","province","Province","Gauteng","Gauteng","Western_Cape",1.264,0.897,1.782,0.181,0.2343,"No","Not significant"
"birth_before18","province","Province","Mpumalanga","Mpumalanga","Western_Cape",1.87,1.348,2.592,0.000175,0.6259,"Yes","Higher risk"
"birth_before18","province","Province","Limpopo","Limpopo","Western_Cape",1.195,0.848,1.684,0.309,0.1781,"No","Not significant"
"birth_before18","residence","Urban or rural residence","Rural","Rural","Urban",0.956,0.82,1.115,0.566,-0.045,"No","Not significant"
"birth_before18","ethnicity","Ethnicity","Coloured","Coloured","Black_or_African",0.912,0.694,1.197,0.505,-0.0921,"No","Not significant"
"birth_before18","ethnicity","Ethnicity","White_or_Other","White or Other","Black_or_African",0.319,0.179,0.569,0.000108,-1.1426,"Yes","Lower risk"
"birth_before18","hh_head_sex","Sex of household head","Female","Female","Male",1.059,0.922,1.217,0.417,0.0573,"No","Not significant"
"birth_before18","education","Highest education level","Primary","Primary","No_education",1.362,0.907,2.046,0.136,0.309,"No","Not significant"
"birth_before18","education","Highest education level","Secondary","Secondary","No_education",0.804,0.531,1.218,0.303,-0.2182,"No","Not significant"
"birth_before18","education","Highest education level","Higher","Higher","No_education",0.292,0.176,0.484,1.81e-06,-1.231,"Yes","Lower risk"
"birth_before18","literacy","Literacy","Reads_partially","Reads partially","Cannot_read",0.873,0.624,1.221,0.427,-0.1358,"No","Not significant"
"birth_before18","literacy","Literacy","Reads_fully","Reads fully","Cannot_read",0.716,0.522,0.982,0.0382,-0.3341,"Yes","Lower risk"
"birth_before18","wealth_index","Wealth index (3 groups)","Middle","Middle","Poor",0.912,0.778,1.067,0.25,-0.0921,"No","Not significant"
"birth_before18","wealth_index","Wealth index (3 groups)","Rich","Rich","Poor",0.705,0.587,0.848,0.000204,-0.3496,"Yes","Lower risk"
"birth_before18","marital_status","Marital status","Living_with_partner","Living with partner","Never_in_union",1.426,1.175,1.731,0.000325,0.3549,"Yes","Higher risk"
"birth_before18","marital_status","Marital status","Married","Married","Never_in_union",1.129,0.939,1.357,0.198,0.1213,"No","Not significant"
"birth_before18","marital_status","Marital status","Widowed_or_Divorced_or_Separated","Widowed or Divorced or Separated","Never_in_union",1.427,1.125,1.812,0.00344,0.3556,"Yes","Higher risk"
"birth_before18","currently_working","Currently working","Yes","Yes","No",1.116,0.973,1.28,0.117,0.1098,"No","Not significant"
"birth_before18","ever_used_fp","Ever used family planning","Yes","Yes","No",1.457,1.206,1.76,9.43e-05,0.3764,"Yes","Higher risk"
"birth_before18","unmet_need","Unmet need for contraception","Using_for_spacing","Using for spacing","No_unmet_need",1.02,0.823,1.264,0.855,0.0198,"No","Not significant"
"birth_before18","unmet_need","Unmet need for contraception","Using_for_limiting","Using for limiting","No_unmet_need",1.749,1.453,2.104,3.34e-09,0.559,"Yes","Higher risk"
"birth_before18","unmet_need","Unmet need for contraception","Unmet_need_for_spacing","Unmet need for spacing","No_unmet_need",0.954,0.708,1.284,0.754,-0.0471,"No","Not significant"
"birth_before18","unmet_need","Unmet need for contraception","Unmet_need_for_limiting","Unmet need for limiting","No_unmet_need",2.092,1.651,2.652,1.03e-09,0.7381,"Yes","Higher risk"
"birth_before18","consumes_media","Media exposure","Yes","Yes","No",0.953,0.778,1.168,0.646,-0.0481,"No","Not significant"
"birth_before18","heard_fp_from_media","Heard about family planning in media","Yes","Yes","No",1.113,0.979,1.265,0.101,0.1071,"No","Not significant"
"birth_after34","age_group","Age group","40_and_higher","40 and higher","35_to_39",3.831,3.108,4.723,2.67e-36,1.3431,"Yes","Higher risk"
"birth_after34","residence","Urban or rural residence","Rural","Rural","Urban",1.004,0.804,1.253,0.971,0.004,"No","Not significant"
"birth_after34","wealth_index","Wealth index (3 groups)","Middle","Middle","Poor",0.662,0.521,0.841,0.000747,-0.4125,"Yes","Lower risk"
"birth_after34","wealth_index","Wealth index (3 groups)","Rich","Rich","Poor",0.543,0.423,0.697,1.54e-06,-0.6106,"Yes","Lower risk"
"birth_after34","currently_working","Currently working","Yes","Yes","No",0.766,0.641,0.916,0.0035,-0.2666,"Yes","Lower risk"
"birth_after34","ever_used_fp","Ever used family planning","Yes","Yes","No",1.418,1.106,1.818,0.0059,0.3492,"Yes","Higher risk"
"birth_after34","unmet_need","Unmet need for contraception","Using_for_spacing","Using for spacing","No_unmet_need",1.152,0.748,1.775,0.521,0.1415,"No","Not significant"
"birth_after34","unmet_need","Unmet need for contraception","Using_for_limiting","Using for limiting","No_unmet_need",1.879,1.469,2.402,4.9e-07,0.6307,"Yes","Higher risk"
"birth_after34","unmet_need","Unmet need for contraception","Unmet_need_for_spacing","Unmet need for spacing","No_unmet_need",1.951,1.044,3.647,0.0362,0.6683,"Yes","Higher risk"
"birth_after34","unmet_need","Unmet need for contraception","Unmet_need_for_limiting","Unmet need for limiting","No_unmet_need",2.755,2.02,3.756,1.51e-10,1.0134,"Yes","Higher risk"
"short_interval","age_group","Age group","25_to_29","25 to 29","less_than_24",3.23,2.37,4.401,1.12e-13,1.1725,"Yes","Higher risk"
"short_interval","age_group","Age group","30_to_34","30 to 34","less_than_24",3.34,2.438,4.576,5.98e-14,1.206,"Yes","Higher risk"
"short_interval","age_group","Age group","35_to_39","35 to 39","less_than_24",4.549,3.306,6.259,1.4e-20,1.5149,"Yes","Higher risk"
"short_interval","age_group","Age group","40_and_higher","40 and higher","less_than_24",5.817,4.298,7.873,4.14e-30,1.7608,"Yes","Higher risk"
"short_interval","province","Province","Eastern_Cape","Eastern Cape","Western_Cape",1.152,0.761,1.743,0.503,0.1415,"No","Not significant"
"short_interval","province","Province","Northern_Cape","Northern Cape","Western_Cape",0.688,0.444,1.069,0.0961,-0.374,"No","Not significant"
"short_interval","province","Province","Free_State","Free State","Western_Cape",0.909,0.581,1.422,0.676,-0.0954,"No","Not significant"
"short_interval","province","Province","Kwazulu_Natal","Kwazulu Natal","Western_Cape",1.48,0.98,2.237,0.0624,0.392,"No","Not significant"
"short_interval","province","Province","North_West","North West","Western_Cape",1.056,0.686,1.624,0.806,0.0545,"No","Not significant"
"short_interval","province","Province","Gauteng","Gauteng","Western_Cape",1.06,0.684,1.643,0.793,0.0583,"No","Not significant"
"short_interval","province","Province","Mpumalanga","Mpumalanga","Western_Cape",1.508,0.994,2.287,0.0533,0.4108,"No","Not significant"
"short_interval","province","Province","Limpopo","Limpopo","Western_Cape",0.948,0.613,1.467,0.812,-0.0534,"No","Not significant"
"short_interval","residence","Urban or rural residence","Rural","Rural","Urban",1.209,0.99,1.477,0.0628,0.1898,"No","Not significant"
"short_interval","ethnicity","Ethnicity","Coloured","Coloured","Black_or_African",0.888,0.617,1.28,0.525,-0.1188,"No","Not significant"
"short_interval","ethnicity","Ethnicity","White_or_Other","White or Other","Black_or_African",1.346,0.905,2.002,0.142,0.2971,"No","Not significant"
"short_interval","hh_head_sex","Sex of household head","Female","Female","Male",0.981,0.82,1.172,0.831,-0.0192,"No","Not significant"
"short_interval","education","Highest education level","Primary","Primary","No_education",0.918,0.594,1.418,0.7,-0.0856,"No","Not significant"
"short_interval","education","Highest education level","Secondary","Secondary","No_education",0.643,0.41,1.007,0.0539,-0.4416,"No","Not significant"
"short_interval","education","Highest education level","Higher","Higher","No_education",0.535,0.316,0.905,0.0197,-0.6255,"Yes","Lower risk"
"short_interval","literacy","Literacy","Reads_partially","Reads partially","Cannot_read",1.169,0.791,1.728,0.432,0.1561,"No","Not significant"
"short_interval","literacy","Literacy","Reads_fully","Reads fully","Cannot_read",0.838,0.575,1.221,0.358,-0.1767,"No","Not significant"
"short_interval","wealth_index","Wealth index (3 groups)","Middle","Middle","Poor",0.94,0.767,1.152,0.55,-0.0619,"No","Not significant"
"short_interval","wealth_index","Wealth index (3 groups)","Rich","Rich","Poor",0.665,0.521,0.849,0.00108,-0.408,"Yes","Lower risk"
"short_interval","marital_status","Marital status","Living_with_partner","Living with partner","Never_in_union",1.474,1.148,1.891,0.00234,0.388,"Yes","Higher risk"
"short_interval","marital_status","Marital status","Married","Married","Never_in_union",1.862,1.504,2.306,1.23e-08,0.6217,"Yes","Higher risk"
"short_interval","marital_status","Marital status","Widowed_or_Divorced_or_Separated","Widowed or Divorced or Separated","Never_in_union",2.011,1.541,2.623,2.62e-07,0.6986,"Yes","Higher risk"
"short_interval","currently_working","Currently working","Yes","Yes","No",0.85,0.722,1.001,0.0516,-0.1625,"No","Not significant"
"short_interval","ever_used_fp","Ever used family planning","Yes","Yes","No",1.232,0.972,1.561,0.0847,0.2086,"No","Not significant"
"short_interval","unmet_need","Unmet need for contraception","Using_for_spacing","Using for spacing","No_unmet_need",0.906,0.671,1.224,0.521,-0.0987,"No","Not significant"
"short_interval","unmet_need","Unmet need for contraception","Using_for_limiting","Using for limiting","No_unmet_need",1.945,1.554,2.435,6.42e-09,0.6653,"Yes","Higher risk"
"short_interval","unmet_need","Unmet need for contraception","Unmet_need_for_spacing","Unmet need for spacing","No_unmet_need",0.927,0.598,1.437,0.734,-0.0758,"No","Not significant"
"short_interval","unmet_need","Unmet need for contraception","Unmet_need_for_limiting","Unmet need for limiting","No_unmet_need",2.068,1.571,2.723,2.23e-07,0.7266,"Yes","Higher risk"
"short_interval","consumes_media","Media exposure","Yes","Yes","No",0.786,0.615,1.005,0.0549,-0.2408,"No","Not significant"
"short_interval","heard_fp_from_media","Heard about family planning in media","Yes","Yes","No",1.032,0.877,1.214,0.708,0.0315,"No","Not significant"
"high_parity","age_group","Age group","25_to_29","25 to 29","less_than_24",10.293,4.141,25.587,5.22e-07,2.3315,"Yes","Higher risk"
"high_parity","age_group","Age group","30_to_34","30 to 34","less_than_24",37.918,15.894,90.46,2.51e-16,3.6354,"Yes","Higher risk"
"high_parity","age_group","Age group","35_to_39","35 to 39","less_than_24",79.513,33.424,189.154,4.32e-23,4.3759,"Yes","Higher risk"
"high_parity","age_group","Age group","40_and_higher","40 and higher","less_than_24",158.258,66.966,374.005,8.2e-31,5.0642,"Yes","Higher risk"
"high_parity","province","Province","Eastern_Cape","Eastern Cape","Western_Cape",1.191,0.732,1.937,0.482,0.1748,"No","Not significant"
"high_parity","province","Province","Northern_Cape","Northern Cape","Western_Cape",0.689,0.428,1.111,0.126,-0.3725,"No","Not significant"
"high_parity","province","Province","Free_State","Free State","Western_Cape",0.869,0.513,1.472,0.601,-0.1404,"No","Not significant"
"high_parity","province","Province","Kwazulu_Natal","Kwazulu Natal","Western_Cape",1.447,0.875,2.394,0.15,0.3695,"No","Not significant"
"high_parity","province","Province","North_West","North West","Western_Cape",1.185,0.715,1.964,0.51,0.1697,"No","Not significant"
"high_parity","province","Province","Gauteng","Gauteng","Western_Cape",1.16,0.692,1.945,0.574,0.1484,"No","Not significant"
"high_parity","province","Province","Mpumalanga","Mpumalanga","Western_Cape",2.073,1.262,3.405,0.00401,0.729,"Yes","Higher risk"
"high_parity","province","Province","Limpopo","Limpopo","Western_Cape",1.559,0.939,2.587,0.0859,0.444,"No","Not significant"
"high_parity","residence","Urban or rural residence","Rural","Rural","Urban",1.056,0.83,1.344,0.655,0.0545,"No","Not significant"
"high_parity","ethnicity","Ethnicity","Coloured","Coloured","Black_or_African",1.412,0.957,2.085,0.0825,0.345,"No","Not significant"
"high_parity","ethnicity","Ethnicity","White_or_Other","White or Other","Black_or_African",0.175,0.076,0.405,4.71e-05,-1.743,"Yes","Lower risk"
"high_parity","hh_head_sex","Sex of household head","Female","Female","Male",1.105,0.901,1.353,0.337,0.0998,"No","Not significant"
"high_parity","education","Highest education level","Primary","Primary","No_education",1.366,0.875,2.13,0.17,0.3119,"No","Not significant"
"high_parity","education","Highest education level","Secondary","Secondary","No_education",0.582,0.367,0.923,0.0213,-0.5413,"Yes","Lower risk"
"high_parity","education","Highest education level","Higher","Higher","No_education",0.351,0.197,0.628,0.00041,-1.047,"Yes","Lower risk"
"high_parity","literacy","Literacy","Reads_partially","Reads partially","Cannot_read",0.964,0.64,1.452,0.86,-0.0367,"No","Not significant"
"high_parity","literacy","Literacy","Reads_fully","Reads fully","Cannot_read",0.718,0.484,1.065,0.0996,-0.3313,"No","Not significant"
"high_parity","wealth_index","Wealth index (3 groups)","Middle","Middle","Poor",0.82,0.654,1.028,0.0852,-0.1985,"No","Not significant"
"high_parity","wealth_index","Wealth index (3 groups)","Rich","Rich","Poor",0.435,0.33,0.573,3.05e-09,-0.8324,"Yes","Lower risk"
"high_parity","marital_status","Marital status","Living_with_partner","Living with partner","Never_in_union",2.206,1.671,2.911,2.28e-08,0.7912,"Yes","Higher risk"
"high_parity","marital_status","Marital status","Married","Married","Never_in_union",2.56,2.022,3.242,6.09e-15,0.94,"Yes","Higher risk"
"high_parity","marital_status","Marital status","Widowed_or_Divorced_or_Separated","Widowed or Divorced or Separated","Never_in_union",2.192,1.664,2.888,2.42e-08,0.7848,"Yes","Higher risk"
"high_parity","currently_working","Currently working","Yes","Yes","No",0.656,0.549,0.783,3.05e-06,-0.4216,"Yes","Lower risk"
"high_parity","ever_used_fp","Ever used family planning","Yes","Yes","No",1.16,0.902,1.493,0.247,0.1484,"No","Not significant"
"high_parity","unmet_need","Unmet need for contraception","Using_for_spacing","Using for spacing","No_unmet_need",0.58,0.383,0.878,0.0101,-0.5447,"Yes","Lower risk"
"high_parity","unmet_need","Unmet need for contraception","Using_for_limiting","Using for limiting","No_unmet_need",2.365,1.855,3.015,3.86e-12,0.8608,"Yes","Higher risk"
"high_parity","unmet_need","Unmet need for contraception","Unmet_need_for_spacing","Unmet need for spacing","No_unmet_need",1.037,0.602,1.788,0.895,0.0363,"No","Not significant"
"high_parity","unmet_need","Unmet need for contraception","Unmet_need_for_limiting","Unmet need for limiting","No_unmet_need",3.335,2.505,4.44,1.57e-16,1.2045,"Yes","Higher risk"
"high_parity","consumes_media","Media exposure","Yes","Yes","No",0.768,0.586,1.008,0.0567,-0.264,"No","Not significant"
"high_parity","heard_fp_from_media","Heard about family planning in media","Yes","Yes","No",0.91,0.76,1.09,0.307,-0.0943,"No","Not significant"
